location,date,zika_bool
Argentina-San_Juan,2016-03-19,0
Argentina-San_Juan,2016-04-29,1
Brazil-Amapa,2016-04-02,1
Brazil-Amapa,2016-02-13,0
Brazil-Amazonas,2016-02-27,1
Brazil-Amazonas,2016-02-13,0
Brazil-Santa_Catarina,2016-02-13,0
Brazil-Santa_Catarina,2016-03-05,1
Colombia-Amazonas-La_Pedrera,2016-01-09,0
Colombia-Amazonas-La_Pedrera,2016-06-18,1
Colombia-Amazonas-Puerto_Arica,2016-01-09,0
Colombia-Amazonas-Puerto_Arica,2016-06-18,1
Colombia-Amazonas-Puerto_Narino,2016-01-09,0
Colombia-Amazonas-Puerto_Narino,2016-04-02,1
Colombia-Antioquia-Abejorral,2016-01-09,0
Colombia-Antioquia-Abejorral,2016-01-16,1
Colombia-Antioquia-Amaga,2016-01-30,1
Colombia-Antioquia-Amaga,2016-01-09,0
Colombia-Antioquia-Amalfi,2016-01-09,0
Colombia-Antioquia-Amalfi,2016-04-09,1
Colombia-Antioquia-Andes,2016-03-26,1
Colombia-Antioquia-Andes,2016-01-09,0
Colombia-Antioquia-Angelopolis,2016-02-13,1
Colombia-Antioquia-Angelopolis,2016-01-09,0
Colombia-Antioquia-Anza,2016-01-09,0
Colombia-Antioquia-Anza,2016-05-07,1
Colombia-Antioquia-Arboletes,2016-01-23,1
Colombia-Antioquia-Arboletes,2016-01-09,0
Colombia-Antioquia-Argelia,2016-06-18,1
Colombia-Antioquia-Argelia,2016-01-09,0
Colombia-Antioquia-Armenia,2016-01-30,1
Colombia-Antioquia-Armenia,2016-01-09,0
Colombia-Antioquia-Belmira,2016-05-28,1
Colombia-Antioquia-Belmira,2016-01-09,0
Colombia-Antioquia-Betania,2016-03-26,1
Colombia-Antioquia-Betania,2016-01-09,0
Colombia-Antioquia-Betulia,2016-06-18,1
Colombia-Antioquia-Betulia,2016-01-09,0
Colombia-Antioquia-Buritica,2016-01-09,0
Colombia-Antioquia-Buritica,2016-06-18,1
Colombia-Antioquia-Caceres,2016-01-30,1
Colombia-Antioquia-Caceres,2016-01-09,0
Colombia-Antioquia-Caicedo,2016-06-18,1
Colombia-Antioquia-Caicedo,2016-01-09,0
Colombia-Antioquia-Caldas,2016-01-30,1
Colombia-Antioquia-Caldas,2016-01-09,0
Colombia-Antioquia-Caracoli,2016-02-13,1
Colombia-Antioquia-Caracoli,2016-01-09,0
Colombia-Antioquia-Caramanta,2016-01-09,0
Colombia-Antioquia-Caramanta,2016-06-18,1
Colombia-Antioquia-Carolina,2016-06-18,1
Colombia-Antioquia-Carolina,2016-01-09,0
Colombia-Antioquia-Chigorodo,2016-01-09,0
Colombia-Antioquia-Chigorodo,2016-01-16,1
Colombia-Antioquia-Cisneros,2016-03-05,1
Colombia-Antioquia-Cisneros,2016-01-09,0
Colombia-Antioquia-Concordia,2016-04-30,1
Colombia-Antioquia-Concordia,2016-01-09,0
Colombia-Antioquia-Copacabana,2016-01-23,1
Colombia-Antioquia-Copacabana,2016-01-09,0
Colombia-Antioquia-Dabeiba,2016-01-09,0
Colombia-Antioquia-Dabeiba,2016-02-13,1
Colombia-Antioquia-Ebejico,2016-01-09,0
Colombia-Antioquia-Ebejico,2016-01-30,1
Colombia-Antioquia-El_Carmen_De_Viboral,2016-01-09,0
Colombia-Antioquia-El_Carmen_De_Viboral,2016-02-06,1
Colombia-Antioquia-Entrerrios,2016-06-18,1
Colombia-Antioquia-Entrerrios,2016-01-09,0
Colombia-Antioquia-Fredonia,2016-02-13,1
Colombia-Antioquia-Fredonia,2016-01-09,0
Colombia-Antioquia-Frontino,2016-01-09,0
Colombia-Antioquia-Frontino,2016-05-14,1
Colombia-Antioquia-Giraldo,2016-06-18,1
Colombia-Antioquia-Giraldo,2016-01-09,0
Colombia-Antioquia-Gomez_Plata,2016-01-09,0
Colombia-Antioquia-Gomez_Plata,2016-06-18,1
Colombia-Antioquia-Granada,2016-01-30,1
Colombia-Antioquia-Granada,2016-01-09,0
Colombia-Antioquia-Guarne,2016-01-09,0
Colombia-Antioquia-Guarne,2016-03-05,1
Colombia-Antioquia-Heliconia,2016-01-09,0
Colombia-Antioquia-Heliconia,2016-01-16,1
Colombia-Antioquia-Ituango,2016-01-09,0
Colombia-Antioquia-Ituango,2016-02-13,1
Colombia-Antioquia-Jardin,2016-01-09,0
Colombia-Antioquia-Jardin,2016-05-07,1
Colombia-Antioquia-Jerico,2016-01-09,0
Colombia-Antioquia-Jerico,2016-03-12,1
Colombia-Antioquia-La_Ceja,2016-01-09,0
Colombia-Antioquia-La_Ceja,2016-05-21,1
Colombia-Antioquia-La_Estrella,2016-01-09,0
Colombia-Antioquia-La_Estrella,2016-01-23,1
Colombia-Antioquia-La_Pintada,2016-01-09,0
Colombia-Antioquia-La_Pintada,2016-02-06,1
Colombia-Antioquia-La_Union,2016-01-09,0
Colombia-Antioquia-La_Union,2016-01-16,1
Colombia-Antioquia-Liborina,2016-01-23,1
Colombia-Antioquia-Liborina,2016-01-09,0
Colombia-Antioquia-Marinilla,2016-01-09,0
Colombia-Antioquia-Marinilla,2016-06-11,1
Colombia-Antioquia-Montebello,2016-05-28,1
Colombia-Antioquia-Montebello,2016-01-09,0
Colombia-Antioquia-Murindo,2016-01-09,0
Colombia-Antioquia-Murindo,2016-03-26,1
Colombia-Antioquia-Narino,2016-01-30,1
Colombia-Antioquia-Narino,2016-01-09,0
Colombia-Antioquia-Nechi,2016-01-09,0
Colombia-Antioquia-Nechi,2016-02-06,1
Colombia-Antioquia-Necocli,2016-01-09,0
Colombia-Antioquia-Necocli,2016-01-23,1
Colombia-Antioquia-Olaya,2016-01-09,0
Colombia-Antioquia-Olaya,2016-02-06,1
Colombia-Antioquia-Peque,2016-01-09,0
Colombia-Antioquia-Peque,2016-02-27,1
Colombia-Antioquia-Peðol,2016-01-09,0
Colombia-Antioquia-Peðol,2016-05-28,1
Colombia-Antioquia-Remedios,2016-02-27,1
Colombia-Antioquia-Remedios,2016-01-09,0
Colombia-Antioquia-Sabaneta,2016-01-09,0
Colombia-Antioquia-Sabaneta,2016-01-23,1
Colombia-Antioquia-Salgar,2016-01-09,0
Colombia-Antioquia-Salgar,2016-01-16,1
Colombia-Antioquia-San_Francisco,2016-02-20,1
Colombia-Antioquia-San_Francisco,2016-01-09,0
Colombia-Antioquia-San_Jeronimo,2016-02-20,1
Colombia-Antioquia-San_Jeronimo,2016-01-09,0
Colombia-Antioquia-San_Juan_De_Uraba,2016-01-16,1
Colombia-Antioquia-San_Juan_De_Uraba,2016-01-09,0
Colombia-Antioquia-San_Pedro,2016-01-09,0
Colombia-Antioquia-San_Pedro,2016-01-23,1
Colombia-Antioquia-San_Pedro_De_Uraba,2016-01-09,0
Colombia-Antioquia-San_Pedro_De_Uraba,2016-01-23,1
Colombia-Antioquia-San_Rafael,2016-01-09,0
Colombia-Antioquia-San_Rafael,2016-02-13,1
Colombia-Antioquia-San_Roque,2016-01-09,0
Colombia-Antioquia-San_Roque,2016-02-06,1
Colombia-Antioquia-Santa_Barbara,2016-01-09,0
Colombia-Antioquia-Santa_Barbara,2016-03-26,1
Colombia-Antioquia-Santafe_De_Antioquia,2016-01-09,0
Colombia-Antioquia-Santafe_De_Antioquia,2016-01-23,1
Colombia-Antioquia-Santo_Domingo,2016-05-28,1
Colombia-Antioquia-Santo_Domingo,2016-01-09,0
Colombia-Antioquia-Segovia,2016-03-05,1
Colombia-Antioquia-Segovia,2016-01-09,0
Colombia-Antioquia-Sonson,2016-01-09,0
Colombia-Antioquia-Sonson,2016-02-27,1
Colombia-Antioquia-Sopetran,2016-01-09,0
Colombia-Antioquia-Sopetran,2016-01-30,1
Colombia-Antioquia-Toledo,2016-01-09,0
Colombia-Antioquia-Toledo,2016-02-20,1
Colombia-Antioquia-Urrao,2016-01-09,0
Colombia-Antioquia-Urrao,2016-03-05,1
Colombia-Antioquia-Valdivia,2016-01-09,0
Colombia-Antioquia-Valdivia,2016-04-02,1
Colombia-Antioquia-Vegachi,2016-02-06,1
Colombia-Antioquia-Vegachi,2016-01-09,0
Colombia-Antioquia-Venecia,2016-01-09,0
Colombia-Antioquia-Venecia,2016-02-20,1
Colombia-Antioquia-Yarumal,2016-02-13,1
Colombia-Antioquia-Yarumal,2016-01-09,0
Colombia-Antioquia-Yolombo,2016-01-09,0
Colombia-Antioquia-Yolombo,2016-03-05,1
Colombia-Antioquia-Yondo,2016-01-09,0
Colombia-Antioquia-Yondo,2016-02-06,1
Colombia-Antioquia-Zaragoza,2016-02-06,1
Colombia-Antioquia-Zaragoza,2016-01-09,0
Colombia-Arauca-Cravo_Norte,2016-04-30,1
Colombia-Arauca-Cravo_Norte,2016-01-09,0
Colombia-Arauca-Puerto_Rondon,2016-01-09,0
Colombia-Arauca-Puerto_Rondon,2016-04-09,1
Colombia-Arauca-Unknown,2016-02-13,1
Colombia-Arauca-Unknown,2016-01-09,0
Colombia-Atlantico-Campo_De_La_Cruz,2016-01-09,0
Colombia-Atlantico-Campo_De_La_Cruz,2016-01-16,1
Colombia-Atlantico-Manati,2016-01-09,0
Colombia-Atlantico-Manati,2016-01-23,1
Colombia-Atlantico-Piojo,2016-01-09,0
Colombia-Atlantico-Piojo,2016-03-05,1
Colombia-Atlantico-Ponedera,2016-01-16,1
Colombia-Atlantico-Ponedera,2016-01-09,0
Colombia-Atlantico-Santa_Lucia,2016-01-09,0
Colombia-Atlantico-Santa_Lucia,2016-01-16,1
Colombia-Atlantico-Suan,2016-01-09,0
Colombia-Atlantico-Suan,2016-01-16,1
Colombia-Bolivar-Achi,2016-01-23,1
Colombia-Bolivar-Achi,2016-01-09,0
Colombia-Bolivar-Arroyohondo,2016-03-19,1
Colombia-Bolivar-Arroyohondo,2016-01-09,0
Colombia-Bolivar-Calamar,2016-01-23,1
Colombia-Bolivar-Calamar,2016-01-09,0
Colombia-Bolivar-Cantagallo,2016-01-09,0
Colombia-Bolivar-Cantagallo,2016-02-06,1
Colombia-Bolivar-Clemencia,2016-01-09,0
Colombia-Bolivar-Clemencia,2016-03-12,1
Colombia-Bolivar-El_Guamo,2016-01-09,0
Colombia-Bolivar-El_Guamo,2016-01-30,1
Colombia-Bolivar-El_Penon,2016-01-09,0
Colombia-Bolivar-El_Penon,2016-01-16,1
Colombia-Bolivar-Margarita,2016-01-09,0
Colombia-Bolivar-Margarita,2016-02-27,1
Colombia-Bolivar-Montecristo,2016-01-09,0
Colombia-Bolivar-Montecristo,2016-01-30,1
Colombia-Bolivar-Morales,2016-01-23,1
Colombia-Bolivar-Morales,2016-01-09,0
Colombia-Bolivar-Pinillos,2016-01-23,1
Colombia-Bolivar-Pinillos,2016-01-09,0
Colombia-Bolivar-Regidor,2016-01-09,0
Colombia-Bolivar-Regidor,2016-02-27,1
Colombia-Bolivar-San_Cristobal,2016-02-20,1
Colombia-Bolivar-San_Cristobal,2016-01-09,0
Colombia-Bolivar-San_Estanislao,2016-02-13,1
Colombia-Bolivar-San_Estanislao,2016-01-09,0
Colombia-Bolivar-San_Jacinto_Del_Cauca,2016-02-13,1
Colombia-Bolivar-San_Jacinto_Del_Cauca,2016-01-09,0
Colombia-Bolivar-San_Martin_De_Loba,2016-02-13,1
Colombia-Bolivar-San_Martin_De_Loba,2016-01-09,0
Colombia-Bolivar-San_Pablo,2016-03-05,1
Colombia-Bolivar-San_Pablo,2016-01-09,0
Colombia-Bolivar-Santa_Catalina,2016-01-23,1
Colombia-Bolivar-Santa_Catalina,2016-01-09,0
Colombia-Bolivar-Simiti,2016-06-25,1
Colombia-Bolivar-Simiti,2016-01-09,0
Colombia-Bolivar-Talaigua_Nuevo,2016-01-30,1
Colombia-Bolivar-Talaigua_Nuevo,2016-01-09,0
Colombia-Bolivar-Tiquisio,2016-01-09,0
Colombia-Bolivar-Tiquisio,2016-02-27,1
Colombia-Boyaca-Belen,2016-01-09,0
Colombia-Boyaca-Belen,2016-06-18,1
Colombia-Boyaca-Beteitiva,2016-01-09,0
Colombia-Boyaca-Beteitiva,2016-01-30,1
Colombia-Boyaca-Boavita,2016-01-09,0
Colombia-Boyaca-Boavita,2016-03-05,1
Colombia-Boyaca-Boyaca,2016-04-16,1
Colombia-Boyaca-Boyaca,2016-01-09,0
Colombia-Boyaca-Buenavista,2016-01-09,0
Colombia-Boyaca-Buenavista,2016-03-12,1
Colombia-Boyaca-Coper,2016-01-09,0
Colombia-Boyaca-Coper,2016-01-30,1
Colombia-Boyaca-Cubara,2016-01-09,0
Colombia-Boyaca-Cubara,2016-02-20,1
Colombia-Boyaca-Duitama,2016-01-09,0
Colombia-Boyaca-Duitama,2016-02-06,1
Colombia-Boyaca-Garagoa,2016-02-13,1
Colombia-Boyaca-Garagoa,2016-01-09,0
Colombia-Boyaca-Guateque,2016-01-09,0
Colombia-Boyaca-Guateque,2016-04-30,1
Colombia-Boyaca-La_Uvita,2016-01-09,0
Colombia-Boyaca-La_Uvita,2016-06-04,1
Colombia-Boyaca-Labranzagrande,2016-01-09,0
Colombia-Boyaca-Labranzagrande,2016-02-27,1
Colombia-Boyaca-Macanal,2016-04-30,1
Colombia-Boyaca-Macanal,2016-01-09,0
Colombia-Boyaca-Maripi,2016-04-23,1
Colombia-Boyaca-Maripi,2016-01-09,0
Colombia-Boyaca-Miraflores,2016-01-09,0
Colombia-Boyaca-Miraflores,2016-03-12,1
Colombia-Boyaca-Moniquira,2016-01-09,0
Colombia-Boyaca-Moniquira,2016-01-23,1
Colombia-Boyaca-Nuevo_Colon,2016-02-27,1
Colombia-Boyaca-Nuevo_Colon,2016-01-09,0
Colombia-Boyaca-Pauna,2016-02-06,1
Colombia-Boyaca-Pauna,2016-01-09,0
Colombia-Boyaca-Quipama,2016-01-09,0
Colombia-Boyaca-Quipama,2016-04-02,1
Colombia-Boyaca-Sachica,2016-01-30,1
Colombia-Boyaca-Sachica,2016-01-09,0
Colombia-Boyaca-San_Jose_De_Pare,2016-01-09,0
Colombia-Boyaca-San_Jose_De_Pare,2016-02-27,1
Colombia-Boyaca-Santa_Maria,2016-01-09,0
Colombia-Boyaca-Santa_Maria,2016-02-27,1
Colombia-Boyaca-Soata,2016-02-06,1
Colombia-Boyaca-Soata,2016-01-09,0
Colombia-Boyaca-Socota,2016-01-09,0
Colombia-Boyaca-Socota,2016-03-19,1
Colombia-Boyaca-Sogamoso,2016-02-13,1
Colombia-Boyaca-Sogamoso,2016-01-09,0
Colombia-Boyaca-Sutamarchan,2016-06-11,1
Colombia-Boyaca-Sutamarchan,2016-01-09,0
Colombia-Boyaca-Sutatenza,2016-01-09,0
Colombia-Boyaca-Sutatenza,2016-01-16,1
Colombia-Boyaca-Tibana,2016-01-09,0
Colombia-Boyaca-Tibana,2016-01-16,1
Colombia-Boyaca-Tibasosa,2016-01-09,0
Colombia-Boyaca-Tibasosa,2016-02-13,1
Colombia-Boyaca-Tipacoque,2016-02-06,1
Colombia-Boyaca-Tipacoque,2016-01-09,0
Colombia-Boyaca-Togui,2016-01-09,0
Colombia-Boyaca-Togui,2016-06-18,1
Colombia-Boyaca-Tunja,2016-01-09,0
Colombia-Boyaca-Tunja,2016-01-23,1
Colombia-Boyaca-Tunungua,2016-04-30,1
Colombia-Boyaca-Tunungua,2016-01-09,0
Colombia-Boyaca-Unknown,2016-03-26,1
Colombia-Boyaca-Unknown,2016-01-09,0
Colombia-Boyaca-Zetaquira,2016-02-27,1
Colombia-Boyaca-Zetaquira,2016-01-09,0
Colombia-Caldas-Aguadas,2016-01-30,1
Colombia-Caldas-Aguadas,2016-01-09,0
Colombia-Caldas-Anserma,2016-03-19,1
Colombia-Caldas-Anserma,2016-01-09,0
Colombia-Caldas-Filadelfia,2016-01-30,1
Colombia-Caldas-Filadelfia,2016-01-09,0
Colombia-Caldas-Manzanares,2016-02-06,1
Colombia-Caldas-Manzanares,2016-01-09,0
Colombia-Caldas-Marquetalia,2016-01-30,1
Colombia-Caldas-Marquetalia,2016-01-09,0
Colombia-Caldas-Neira,2016-02-06,1
Colombia-Caldas-Neira,2016-01-09,0
Colombia-Caldas-Norcasia,2016-01-16,1
Colombia-Caldas-Norcasia,2016-01-09,0
Colombia-Caldas-Pacora,2016-02-13,1
Colombia-Caldas-Pacora,2016-01-09,0
Colombia-Caldas-Risaralda,2016-01-09,0
Colombia-Caldas-Risaralda,2016-02-27,1
Colombia-Caldas-San_Jose,2016-01-23,1
Colombia-Caldas-San_Jose,2016-01-09,0
Colombia-Caldas-Supia,2016-01-23,1
Colombia-Caldas-Supia,2016-01-09,0
Colombia-Caldas-Unknown,2016-01-30,1
Colombia-Caldas-Unknown,2016-01-09,0
Colombia-Caldas-Villamaria,2016-03-12,1
Colombia-Caldas-Villamaria,2016-01-09,0
Colombia-Caldas-Viterbo,2016-01-23,1
Colombia-Caldas-Viterbo,2016-01-09,0
Colombia-Caqueta-Albania,2016-02-27,1
Colombia-Caqueta-Albania,2016-01-09,0
Colombia-Caqueta-Belen_De_Los_Andaquies,2016-01-09,0
Colombia-Caqueta-Belen_De_Los_Andaquies,2016-01-30,1
Colombia-Caqueta-Cartagena_Del_Chaira,2016-01-09,0
Colombia-Caqueta-Cartagena_Del_Chaira,2016-01-16,1
Colombia-Caqueta-Curillo,2016-02-06,1
Colombia-Caqueta-Curillo,2016-01-09,0
Colombia-Caqueta-La_Montanita,2016-01-23,1
Colombia-Caqueta-La_Montanita,2016-01-09,0
Colombia-Caqueta-Milan,2016-01-09,0
Colombia-Caqueta-Milan,2016-01-30,1
Colombia-Caqueta-Puerto_Rico,2016-02-06,1
Colombia-Caqueta-Puerto_Rico,2016-01-09,0
Colombia-Caqueta-San_Jose_Del_Fragua,2016-01-16,1
Colombia-Caqueta-San_Jose_Del_Fragua,2016-01-09,0
Colombia-Caqueta-Solano,2016-01-09,0
Colombia-Caqueta-Solano,2016-01-30,1
Colombia-Caqueta-Solita,2016-02-20,1
Colombia-Caqueta-Solita,2016-01-09,0
Colombia-Caqueta-Unknown,2016-01-09,0
Colombia-Caqueta-Unknown,2016-01-30,1
Colombia-Caqueta-Valparaiso,2016-02-13,1
Colombia-Caqueta-Valparaiso,2016-01-09,0
Colombia-Casanare-Hato_Corozal,2016-01-09,0
Colombia-Casanare-Hato_Corozal,2016-01-30,1
Colombia-Casanare-La_Salina,2016-01-09,0
Colombia-Casanare-La_Salina,2016-06-18,1
Colombia-Casanare-Mani,2016-01-09,0
Colombia-Casanare-Mani,2016-02-13,1
Colombia-Casanare-Nunchia,2016-01-09,0
Colombia-Casanare-Nunchia,2016-01-30,1
Colombia-Casanare-Orocue,2016-01-16,1
Colombia-Casanare-Orocue,2016-01-09,0
Colombia-Casanare-Pore,2016-02-06,1
Colombia-Casanare-Pore,2016-01-09,0
Colombia-Casanare-Recetor,2016-06-18,1
Colombia-Casanare-Recetor,2016-01-09,0
Colombia-Casanare-Sabanalarga,2016-04-09,1
Colombia-Casanare-Sabanalarga,2016-01-09,0
Colombia-Casanare-Sacama,2016-01-09,0
Colombia-Casanare-Sacama,2016-04-30,1
Colombia-Casanare-Tamara,2016-01-09,0
Colombia-Casanare-Tamara,2016-03-12,1
Colombia-Casanare-Unknown,2016-01-09,0
Colombia-Casanare-Unknown,2016-01-30,1
Colombia-Cauca-Almaguer,2016-01-09,0
Colombia-Cauca-Almaguer,2016-05-07,1
Colombia-Cauca-Balboa,2016-01-30,1
Colombia-Cauca-Balboa,2016-01-09,0
Colombia-Cauca-Buenos_Aires,2016-03-05,1
Colombia-Cauca-Buenos_Aires,2016-01-09,0
Colombia-Cauca-Cajibio,2016-04-23,1
Colombia-Cauca-Cajibio,2016-01-09,0
Colombia-Cauca-Caldono,2016-01-09,0
Colombia-Cauca-Caldono,2016-05-28,1
Colombia-Cauca-Caloto,2016-03-05,1
Colombia-Cauca-Caloto,2016-01-09,0
Colombia-Cauca-Corinto,2016-01-09,0
Colombia-Cauca-Corinto,2016-02-06,1
Colombia-Cauca-El_Tambo,2016-01-09,0
Colombia-Cauca-El_Tambo,2016-05-28,1
Colombia-Cauca-Florencia,2016-05-07,1
Colombia-Cauca-Florencia,2016-01-09,0
Colombia-Cauca-Guapi,2016-01-09,0
Colombia-Cauca-Guapi,2016-03-05,1
Colombia-Cauca-Inza,2016-03-05,1
Colombia-Cauca-Inza,2016-01-09,0
Colombia-Cauca-Jambalo,2016-02-13,1
Colombia-Cauca-Jambalo,2016-01-09,0
Colombia-Cauca-La_Sierra,2016-01-09,0
Colombia-Cauca-La_Sierra,2016-02-13,1
Colombia-Cauca-La_Vega,2016-01-09,0
Colombia-Cauca-La_Vega,2016-01-16,1
Colombia-Cauca-Miranda,2016-01-09,0
Colombia-Cauca-Miranda,2016-01-23,1
Colombia-Cauca-Padilla,2016-02-06,1
Colombia-Cauca-Padilla,2016-01-09,0
Colombia-Cauca-Paez,2016-02-06,1
Colombia-Cauca-Paez,2016-01-09,0
Colombia-Cauca-Patia,2016-01-09,0
Colombia-Cauca-Patia,2016-03-12,1
Colombia-Cauca-Piamonte,2016-06-18,1
Colombia-Cauca-Piamonte,2016-01-09,0
Colombia-Cauca-Popayan,2016-01-23,1
Colombia-Cauca-Popayan,2016-01-09,0
Colombia-Cauca-Puerto_Tejada,2016-01-09,0
Colombia-Cauca-Puerto_Tejada,2016-01-30,1
Colombia-Cauca-Suarez,2016-01-09,0
Colombia-Cauca-Suarez,2016-04-09,1
Colombia-Cauca-Timbio,2016-01-09,0
Colombia-Cauca-Timbio,2016-03-26,1
Colombia-Cauca-Toribio,2016-01-30,1
Colombia-Cauca-Toribio,2016-01-09,0
Colombia-Cauca-Unknown,2016-01-23,1
Colombia-Cauca-Unknown,2016-01-09,0
Colombia-Cauca-Villa_Rica,2016-01-23,1
Colombia-Cauca-Villa_Rica,2016-01-09,0
Colombia-Cesar-Astrea,2016-01-09,0
Colombia-Cesar-Astrea,2016-01-16,1
Colombia-Cesar-Becerril,2016-01-16,1
Colombia-Cesar-Becerril,2016-01-09,0
Colombia-Cesar-Bosconia,2016-01-09,0
Colombia-Cesar-Bosconia,2016-01-16,1
Colombia-Cesar-Chimichagua,2016-01-09,0
Colombia-Cesar-Chimichagua,2016-05-14,1
Colombia-Cesar-Chiriguana,2016-01-30,1
Colombia-Cesar-Chiriguana,2016-01-09,0
Colombia-Cesar-Curumani,2016-01-16,1
Colombia-Cesar-Curumani,2016-01-09,0
Colombia-Cesar-Gamarra,2016-01-23,1
Colombia-Cesar-Gamarra,2016-01-09,0
Colombia-Cesar-Gonzalez,2016-02-27,1
Colombia-Cesar-Gonzalez,2016-01-09,0
Colombia-Cesar-La_Jagua_De_Ibirico,2016-01-09,0
Colombia-Cesar-La_Jagua_De_Ibirico,2016-01-23,1
Colombia-Cesar-La_Paz,2016-01-09,0
Colombia-Cesar-La_Paz,2016-01-23,1
Colombia-Cesar-Manaure,2016-01-09,0
Colombia-Cesar-Manaure,2016-01-30,1
Colombia-Cesar-Pailitas,2016-01-09,0
Colombia-Cesar-Pailitas,2016-01-23,1
Colombia-Cesar-Pelaya,2016-01-16,1
Colombia-Cesar-Pelaya,2016-01-09,0
Colombia-Cesar-Pueblo_Bello,2016-01-09,0
Colombia-Cesar-Pueblo_Bello,2016-01-23,1
Colombia-Cesar-San_Diego,2016-01-16,1
Colombia-Cesar-San_Diego,2016-01-09,0
Colombia-Cesar-San_Martin,2016-01-30,1
Colombia-Cesar-San_Martin,2016-01-09,0
Colombia-Choco-Acandi,2016-01-09,0
Colombia-Choco-Acandi,2016-02-06,1
Colombia-Choco-Atrato,2016-01-09,0
Colombia-Choco-Atrato,2016-03-26,1
Colombia-Choco-Bahia_Solano,2016-01-09,0
Colombia-Choco-Bahia_Solano,2016-05-21,1
Colombia-Choco-Bajo_Baudo,2016-02-20,1
Colombia-Choco-Bajo_Baudo,2016-01-09,0
Colombia-Choco-Certegui,2016-01-09,0
Colombia-Choco-Certegui,2016-02-06,1
Colombia-Choco-Condoto,2016-01-09,0
Colombia-Choco-Condoto,2016-02-06,1
Colombia-Choco-Istmina,2016-02-13,1
Colombia-Choco-Istmina,2016-01-09,0
Colombia-Choco-Medio_Baudo,2016-01-09,0
Colombia-Choco-Medio_Baudo,2016-03-19,1
Colombia-Choco-Quibdo,2016-01-09,0
Colombia-Choco-Quibdo,2016-01-30,1
Colombia-Choco-Tado,2016-01-09,0
Colombia-Choco-Tado,2016-02-27,1
Colombia-Choco-Unguia,2016-01-09,0
Colombia-Choco-Unguia,2016-01-30,1
Colombia-Choco-Unknown,2016-01-09,0
Colombia-Choco-Unknown,2016-01-23,1
Colombia-Cordoba-Ayapel,2016-01-09,0
Colombia-Cordoba-Ayapel,2016-01-16,1
Colombia-Cordoba-Buenavista,2016-01-23,1
Colombia-Cordoba-Buenavista,2016-01-09,0
Colombia-Cordoba-Chima,2016-01-09,0
Colombia-Cordoba-Chima,2016-01-30,1
Colombia-Cordoba-Cotorra,2016-02-13,1
Colombia-Cordoba-Cotorra,2016-01-09,0
Colombia-Cordoba-La_Apartada,2016-01-16,1
Colombia-Cordoba-La_Apartada,2016-01-09,0
Colombia-Cordoba-Los_Cordobas,2016-02-06,1
Colombia-Cordoba-Los_Cordobas,2016-01-09,0
Colombia-Cordoba-Monitos,2016-02-06,1
Colombia-Cordoba-Monitos,2016-01-09,0
Colombia-Cordoba-Pueblo_Nuevo,2016-01-09,0
Colombia-Cordoba-Pueblo_Nuevo,2016-01-30,1
Colombia-Cordoba-Puerto_Libertador,2016-01-09,0
Colombia-Cordoba-Puerto_Libertador,2016-01-30,1
Colombia-Cordoba-San_Jose_De_Ure,2016-01-09,0
Colombia-Cordoba-San_Jose_De_Ure,2016-01-16,1
Colombia-Cundinamarca-Arbelaez,2016-02-20,1
Colombia-Cundinamarca-Arbelaez,2016-01-09,0
Colombia-Cundinamarca-Bituima,2016-04-30,1
Colombia-Cundinamarca-Bituima,2016-01-09,0
Colombia-Cundinamarca-Cabrera,2016-01-09,0
Colombia-Cundinamarca-Cabrera,2016-04-23,1
Colombia-Cundinamarca-Cachipay,2016-01-09,0
Colombia-Cundinamarca-Cachipay,2016-01-16,1
Colombia-Cundinamarca-Caparrapi,2016-01-09,0
Colombia-Cundinamarca-Caparrapi,2016-01-23,1
Colombia-Cundinamarca-Chaguani,2016-02-13,1
Colombia-Cundinamarca-Chaguani,2016-01-09,0
Colombia-Cundinamarca-Chia,2016-01-09,0
Colombia-Cundinamarca-Chia,2016-01-23,1
Colombia-Cundinamarca-Chipaque,2016-03-26,1
Colombia-Cundinamarca-Chipaque,2016-01-09,0
Colombia-Cundinamarca-Choachi,2016-01-09,0
Colombia-Cundinamarca-Choachi,2016-04-09,1
Colombia-Cundinamarca-Cota,2016-03-12,1
Colombia-Cundinamarca-Cota,2016-01-09,0
Colombia-Cundinamarca-Facatativa,2016-01-30,1
Colombia-Cundinamarca-Facatativa,2016-01-09,0
Colombia-Cundinamarca-Funza,2016-05-14,1
Colombia-Cundinamarca-Funza,2016-01-09,0
Colombia-Cundinamarca-Gachala,2016-01-23,1
Colombia-Cundinamarca-Gachala,2016-01-09,0
Colombia-Cundinamarca-Gacheta,2016-05-14,1
Colombia-Cundinamarca-Gacheta,2016-01-09,0
Colombia-Cundinamarca-Granada,2016-01-09,0
Colombia-Cundinamarca-Granada,2016-01-23,1
Colombia-Cundinamarca-Guacheta,2016-01-09,0
Colombia-Cundinamarca-Guacheta,2016-02-06,1
Colombia-Cundinamarca-Guayabal_De_Siquima,2016-02-06,1
Colombia-Cundinamarca-Guayabal_De_Siquima,2016-01-09,0
Colombia-Cundinamarca-Guayabetal,2016-03-12,1
Colombia-Cundinamarca-Guayabetal,2016-01-09,0
Colombia-Cundinamarca-La_Calera,2016-01-09,0
Colombia-Cundinamarca-La_Calera,2016-02-20,1
Colombia-Cundinamarca-Macheta,2016-01-09,0
Colombia-Cundinamarca-Macheta,2016-03-05,1
Colombia-Cundinamarca-Madrid,2016-01-09,0
Colombia-Cundinamarca-Madrid,2016-02-13,1
Colombia-Cundinamarca-Medina,2016-03-05,1
Colombia-Cundinamarca-Medina,2016-01-09,0
Colombia-Cundinamarca-Mosquera,2016-01-09,0
Colombia-Cundinamarca-Mosquera,2016-01-23,1
Colombia-Cundinamarca-Nimaima,2016-01-09,0
Colombia-Cundinamarca-Nimaima,2016-01-16,1
Colombia-Cundinamarca-Paime,2016-01-16,1
Colombia-Cundinamarca-Paime,2016-01-09,0
Colombia-Cundinamarca-Paratebueno,2016-01-09,0
Colombia-Cundinamarca-Paratebueno,2016-01-30,1
Colombia-Cundinamarca-Puli,2016-01-09,0
Colombia-Cundinamarca-Puli,2016-01-23,1
Colombia-Cundinamarca-Quebradanegra,2016-01-09,0
Colombia-Cundinamarca-Quebradanegra,2016-02-13,1
Colombia-Cundinamarca-Quetame,2016-01-09,0
Colombia-Cundinamarca-Quetame,2016-02-06,1
Colombia-Cundinamarca-San_Antonio_Del_Tequendama,2016-01-23,1
Colombia-Cundinamarca-San_Antonio_Del_Tequendama,2016-01-09,0
Colombia-Cundinamarca-San_Bernardo,2016-01-16,1
Colombia-Cundinamarca-San_Bernardo,2016-01-09,0
Colombia-Cundinamarca-San_Juan_De_Rio_Seco,2016-01-30,1
Colombia-Cundinamarca-San_Juan_De_Rio_Seco,2016-01-09,0
Colombia-Cundinamarca-Sesquile,2016-01-09,0
Colombia-Cundinamarca-Sesquile,2016-03-05,1
Colombia-Cundinamarca-Soacha,2016-01-09,0
Colombia-Cundinamarca-Soacha,2016-01-23,1
Colombia-Cundinamarca-Tibacuy,2016-01-09,0
Colombia-Cundinamarca-Tibacuy,2016-01-23,1
Colombia-Cundinamarca-Ubala,2016-01-09,0
Colombia-Cundinamarca-Ubala,2016-01-16,1
Colombia-Cundinamarca-Une,2016-06-11,1
Colombia-Cundinamarca-Une,2016-01-09,0
Colombia-Cundinamarca-Venecia,2016-06-18,1
Colombia-Cundinamarca-Venecia,2016-01-09,0
Colombia-Cundinamarca-Vergara,2016-01-09,0
Colombia-Cundinamarca-Vergara,2016-02-13,1
Colombia-Cundinamarca-Villa_De_San_Diego_De_Ubate,2016-01-09,0
Colombia-Cundinamarca-Villa_De_San_Diego_De_Ubate,2016-01-16,1
Colombia-Cundinamarca-Villagomez,2016-01-09,0
Colombia-Cundinamarca-Villagomez,2016-02-06,1
Colombia-Cundinamarca-Villapinzon,2016-01-09,0
Colombia-Cundinamarca-Villapinzon,2016-01-30,1
Colombia-Cundinamarca-Yacopi,2016-02-13,1
Colombia-Cundinamarca-Yacopi,2016-01-09,0
Colombia-Guainia-Unknown,2016-01-09,0
Colombia-Guainia-Unknown,2016-03-12,1
Colombia-Guajira-Dibulla,2016-01-09,0
Colombia-Guajira-Dibulla,2016-01-16,1
Colombia-Guajira-Hatonuevo,2016-01-09,0
Colombia-Guajira-Hatonuevo,2016-02-13,1
Colombia-Guajira-Urumita,2016-01-16,1
Colombia-Guajira-Urumita,2016-01-09,0
Colombia-Guaviare-Calamar,2016-03-19,1
Colombia-Guaviare-Calamar,2016-01-09,0
Colombia-Guaviare-Miraflores,2016-04-02,1
Colombia-Guaviare-Miraflores,2016-01-09,0
Colombia-Guaviare-Unknown,2016-01-09,0
Colombia-Guaviare-Unknown,2016-03-19,1
Colombia-Huila-Acevedo,2016-01-23,1
Colombia-Huila-Acevedo,2016-01-09,0
Colombia-Huila-Agrado,2016-01-09,0
Colombia-Huila-Agrado,2016-01-23,1
Colombia-Huila-Altamira,2016-02-06,1
Colombia-Huila-Altamira,2016-01-09,0
Colombia-Huila-Elias,2016-02-13,1
Colombia-Huila-Elias,2016-01-09,0
Colombia-Huila-La_Argentina,2016-01-09,0
Colombia-Huila-La_Argentina,2016-02-20,1
Colombia-Huila-Nataga,2016-01-23,1
Colombia-Huila-Nataga,2016-01-09,0
Colombia-Huila-Oporapa,2016-02-20,1
Colombia-Huila-Oporapa,2016-01-09,0
Colombia-Huila-Paicol,2016-02-06,1
Colombia-Huila-Paicol,2016-01-09,0
Colombia-Huila-Palestina,2016-01-30,1
Colombia-Huila-Palestina,2016-01-09,0
Colombia-Huila-Pital,2016-01-16,1
Colombia-Huila-Pital,2016-01-09,0
Colombia-Huila-San_Agustin,2016-01-09,0
Colombia-Huila-San_Agustin,2016-02-06,1
Colombia-Huila-Santa_Maria,2016-01-09,0
Colombia-Huila-Santa_Maria,2016-01-23,1
Colombia-Huila-Suaza,2016-01-23,1
Colombia-Huila-Suaza,2016-01-09,0
Colombia-Huila-Teruel,2016-01-09,0
Colombia-Huila-Teruel,2016-01-30,1
Colombia-Huila-Tesalia,2016-01-09,0
Colombia-Huila-Tesalia,2016-01-23,1
Colombia-Huila-Timana,2016-01-09,0
Colombia-Huila-Timana,2016-01-23,1
Colombia-Magdalena-Algarrobo,2016-01-09,0
Colombia-Magdalena-Algarrobo,2016-01-30,1
Colombia-Magdalena-Ariguani,2016-01-30,1
Colombia-Magdalena-Ariguani,2016-01-09,0
Colombia-Magdalena-Cerro_San_Antonio,2016-05-28,1
Colombia-Magdalena-Cerro_San_Antonio,2016-01-09,0
Colombia-Magdalena-Concordia,2016-02-20,1
Colombia-Magdalena-Concordia,2016-01-09,0
Colombia-Magdalena-El_Reten,2016-01-30,1
Colombia-Magdalena-El_Reten,2016-01-09,0
Colombia-Magdalena-Pijino_Del_Carmen,2016-01-09,0
Colombia-Magdalena-Pijino_Del_Carmen,2016-01-30,1
Colombia-Magdalena-Salamina,2016-01-09,0
Colombia-Magdalena-Salamina,2016-01-23,1
Colombia-Magdalena-San_Sebastian_De_Buenavista,2016-01-30,1
Colombia-Magdalena-San_Sebastian_De_Buenavista,2016-01-09,0
Colombia-Meta-Barranca_De_Upia,2016-02-20,1
Colombia-Meta-Barranca_De_Upia,2016-01-09,0
Colombia-Meta-Cabuyaro,2016-01-16,1
Colombia-Meta-Cabuyaro,2016-01-09,0
Colombia-Meta-Castilla_La_Nueva,2016-01-30,1
Colombia-Meta-Castilla_La_Nueva,2016-01-09,0
Colombia-Meta-Cubarral,2016-01-30,1
Colombia-Meta-Cubarral,2016-01-09,0
Colombia-Meta-Cumaral,2016-01-09,0
Colombia-Meta-Cumaral,2016-01-16,1
Colombia-Meta-El_Castillo,2016-01-09,0
Colombia-Meta-El_Castillo,2016-02-06,1
Colombia-Meta-El_Dorado,2016-01-09,0
Colombia-Meta-El_Dorado,2016-02-20,1
Colombia-Meta-Fuente_De_Oro,2016-01-23,1
Colombia-Meta-Fuente_De_Oro,2016-01-09,0
Colombia-Meta-Granada,2016-01-16,1
Colombia-Meta-Granada,2016-01-09,0
Colombia-Meta-La_Macarena,2016-02-20,1
Colombia-Meta-La_Macarena,2016-01-09,0
Colombia-Meta-Lejanias,2016-01-09,0
Colombia-Meta-Lejanias,2016-03-19,1
Colombia-Meta-Mapiripan,2016-01-09,0
Colombia-Meta-Mapiripan,2016-02-13,1
Colombia-Meta-Mesetas,2016-02-13,1
Colombia-Meta-Mesetas,2016-01-09,0
Colombia-Meta-Puerto_Concordia,2016-01-09,0
Colombia-Meta-Puerto_Concordia,2016-04-16,1
Colombia-Meta-Puerto_Lleras,2016-01-30,1
Colombia-Meta-Puerto_Lleras,2016-01-09,0
Colombia-Meta-Puerto_Lopez,2016-02-13,1
Colombia-Meta-Puerto_Lopez,2016-01-09,0
Colombia-Meta-Puerto_Rico,2016-02-06,1
Colombia-Meta-Puerto_Rico,2016-01-09,0
Colombia-Meta-San_Carlos_De_Guaroa,2016-01-09,0
Colombia-Meta-San_Carlos_De_Guaroa,2016-02-06,1
Colombia-Meta-San_Juan_De_Arama,2016-01-09,0
Colombia-Meta-San_Juan_De_Arama,2016-01-23,1
Colombia-Meta-San_Juanito,2016-01-09,0
Colombia-Meta-San_Juanito,2016-05-14,1
Colombia-Meta-San_Martin,2016-01-23,1
Colombia-Meta-San_Martin,2016-01-09,0
Colombia-Meta-Uribe,2016-01-09,0
Colombia-Meta-Uribe,2016-04-02,1
Colombia-Meta-Vistahermosa,2016-01-23,1
Colombia-Meta-Vistahermosa,2016-01-09,0
Colombia-Narino-Alban,2016-06-11,1
Colombia-Narino-Alban,2016-01-09,0
Colombia-Narino-Barbacoas,2016-01-23,1
Colombia-Narino-Barbacoas,2016-01-09,0
Colombia-Narino-Buesaco,2016-01-09,0
Colombia-Narino-Buesaco,2016-02-06,1
Colombia-Narino-El_Charco,2016-01-09,0
Colombia-Narino-El_Charco,2016-03-12,1
Colombia-Narino-El_Rosario,2016-01-09,0
Colombia-Narino-El_Rosario,2016-06-04,1
Colombia-Narino-Francisco_Pizarro,2016-01-09,0
Colombia-Narino-Francisco_Pizarro,2016-02-13,1
Colombia-Narino-Guaitarilla,2016-01-09,0
Colombia-Narino-Guaitarilla,2016-05-28,1
Colombia-Narino-Ipiales,2016-01-09,0
Colombia-Narino-Ipiales,2016-01-23,1
Colombia-Narino-La_Tola,2016-05-14,1
Colombia-Narino-La_Tola,2016-01-09,0
Colombia-Narino-Narino,2016-01-09,0
Colombia-Narino-Narino,2016-02-06,1
Colombia-Narino-Pasto,2016-01-09,0
Colombia-Narino-Pasto,2016-02-13,1
Colombia-Narino-Policarpa,2016-01-09,0
Colombia-Narino-Policarpa,2016-03-19,1
Colombia-Narino-Providencia,2016-02-06,1
Colombia-Narino-Providencia,2016-01-09,0
Colombia-Narino-Puerres,2016-01-09,0
Colombia-Narino-Puerres,2016-03-26,1
Colombia-Narino-San_Lorenzo,2016-03-19,1
Colombia-Narino-San_Lorenzo,2016-01-09,0
Colombia-Narino-San_Pablo,2016-04-30,1
Colombia-Narino-San_Pablo,2016-01-09,0
Colombia-Narino-San_Pedro_De_Cartago,2016-04-02,1
Colombia-Narino-San_Pedro_De_Cartago,2016-01-09,0
Colombia-Narino-Sandona,2016-01-09,0
Colombia-Narino-Sandona,2016-02-13,1
Colombia-Narino-Unknown,2016-01-09,0
Colombia-Narino-Unknown,2016-03-26,1
Colombia-Narino-Yacuanquer,2016-02-06,1
Colombia-Narino-Yacuanquer,2016-01-09,0
Colombia-Norte_Santander-Convencion,2016-01-09,0
Colombia-Norte_Santander-Convencion,2016-01-30,1
Colombia-Norte_Santander-Cucutilla,2016-02-06,1
Colombia-Norte_Santander-Cucutilla,2016-01-09,0
Colombia-Norte_Santander-El_Carmen,2016-01-30,1
Colombia-Norte_Santander-El_Carmen,2016-01-09,0
Colombia-Norte_Santander-Herran,2016-02-27,1
Colombia-Norte_Santander-Herran,2016-01-09,0
Colombia-Norte_Santander-La_Esperanza,2016-01-23,1
Colombia-Norte_Santander-La_Esperanza,2016-01-09,0
Colombia-Norte_Santander-La_Playa,2016-02-13,1
Colombia-Norte_Santander-La_Playa,2016-01-09,0
Colombia-Norte_Santander-Lourdes,2016-02-06,1
Colombia-Norte_Santander-Lourdes,2016-01-09,0
Colombia-Norte_Santander-Mutiscua,2016-01-09,0
Colombia-Norte_Santander-Mutiscua,2016-02-27,1
Colombia-Norte_Santander-Pamplonita,2016-01-23,1
Colombia-Norte_Santander-Pamplonita,2016-01-09,0
Colombia-Norte_Santander-Toledo,2016-01-09,0
Colombia-Norte_Santander-Toledo,2016-01-23,1
Colombia-Norte_Santander-Villa_Caro,2016-01-09,0
Colombia-Norte_Santander-Villa_Caro,2016-02-06,1
Colombia-Putumayo-Colon,2016-06-18,1
Colombia-Putumayo-Colon,2016-01-09,0
Colombia-Putumayo-Leguizamo,2016-01-09,0
Colombia-Putumayo-Leguizamo,2016-02-06,1
Colombia-Putumayo-San_Francisco,2016-01-09,0
Colombia-Putumayo-San_Francisco,2016-06-18,1
Colombia-Putumayo-Santiago,2016-06-18,1
Colombia-Putumayo-Santiago,2016-01-09,0
Colombia-Quindio-Buenavista,2016-01-09,0
Colombia-Quindio-Buenavista,2016-03-19,1
Colombia-Quindio-Calarca,2016-02-27,1
Colombia-Quindio-Calarca,2016-01-09,0
Colombia-Quindio-Circasia,2016-01-09,0
Colombia-Quindio-Circasia,2016-01-30,1
Colombia-Quindio-Cordoba,2016-01-16,1
Colombia-Quindio-Cordoba,2016-01-09,0
Colombia-Quindio-Filandia,2016-01-09,0
Colombia-Quindio-Filandia,2016-02-06,1
Colombia-Quindio-La_Tebaida,2016-01-09,0
Colombia-Quindio-La_Tebaida,2016-01-23,1
Colombia-Quindio-Montenegro,2016-01-09,0
Colombia-Quindio-Montenegro,2016-01-16,1
Colombia-Quindio-Quimbaya,2016-01-09,0
Colombia-Quindio-Quimbaya,2016-01-16,1
Colombia-Quindio-Unknown,2016-01-09,0
Colombia-Quindio-Unknown,2016-01-23,1
Colombia-Risaralda-Apia,2016-04-02,1
Colombia-Risaralda-Apia,2016-01-09,0
Colombia-Risaralda-Quinchia,2016-01-09,0
Colombia-Risaralda-Quinchia,2016-02-20,1
Colombia-Risaralda-Unknown,2016-05-21,1
Colombia-Risaralda-Unknown,2016-01-09,0
Colombia-Santander-Aratoca,2016-04-02,1
Colombia-Santander-Aratoca,2016-01-09,0
Colombia-Santander-Barichara,2016-01-30,1
Colombia-Santander-Barichara,2016-01-09,0
Colombia-Santander-Betulia,2016-01-09,0
Colombia-Santander-Betulia,2016-03-12,1
Colombia-Santander-Cepita,2016-01-09,0
Colombia-Santander-Cepita,2016-04-16,1
Colombia-Santander-Cerrito,2016-01-09,0
Colombia-Santander-Cerrito,2016-04-09,1
Colombia-Santander-Charala,2016-02-06,1
Colombia-Santander-Charala,2016-01-09,0
Colombia-Santander-Charta,2016-01-09,0
Colombia-Santander-Charta,2016-05-28,1
Colombia-Santander-Concepcion,2016-01-09,0
Colombia-Santander-Concepcion,2016-01-30,1
Colombia-Santander-Contratacion,2016-01-30,1
Colombia-Santander-Contratacion,2016-01-09,0
Colombia-Santander-Coromoro,2016-01-09,0
Colombia-Santander-Coromoro,2016-05-21,1
Colombia-Santander-Curiti,2016-01-09,0
Colombia-Santander-Curiti,2016-02-06,1
Colombia-Santander-El_Carmen_De_Chucuri,2016-01-09,0
Colombia-Santander-El_Carmen_De_Chucuri,2016-03-26,1
Colombia-Santander-El_Playon,2016-01-09,0
Colombia-Santander-El_Playon,2016-01-30,1
Colombia-Santander-Galan,2016-03-26,1
Colombia-Santander-Galan,2016-01-09,0
Colombia-Santander-Gambita,2016-05-07,1
Colombia-Santander-Gambita,2016-01-09,0
Colombia-Santander-Giron,2016-01-23,1
Colombia-Santander-Giron,2016-01-09,0
Colombia-Santander-Gsepsa,2016-01-09,0
Colombia-Santander-Gsepsa,2016-02-06,1
Colombia-Santander-Guaca,2016-01-09,0
Colombia-Santander-Guaca,2016-03-05,1
Colombia-Santander-Guadalupe,2016-01-09,0
Colombia-Santander-Guadalupe,2016-02-20,1
Colombia-Santander-Guavata,2016-01-09,0
Colombia-Santander-Guavata,2016-03-19,1
Colombia-Santander-Jesus_Maria,2016-02-06,1
Colombia-Santander-Jesus_Maria,2016-01-09,0
Colombia-Santander-Jordan,2016-06-25,1
Colombia-Santander-Jordan,2016-01-09,0
Colombia-Santander-La_Belleza,2016-02-06,1
Colombia-Santander-La_Belleza,2016-01-09,0
Colombia-Santander-La_Paz,2016-01-09,0
Colombia-Santander-La_Paz,2016-02-27,1
Colombia-Santander-Los_Santos,2016-01-09,0
Colombia-Santander-Los_Santos,2016-02-06,1
Colombia-Santander-Malaga,2016-01-09,0
Colombia-Santander-Malaga,2016-02-20,1
Colombia-Santander-Matanza,2016-02-13,1
Colombia-Santander-Matanza,2016-01-09,0
Colombia-Santander-Molagavita,2016-04-09,1
Colombia-Santander-Molagavita,2016-01-09,0
Colombia-Santander-Oiba,2016-01-23,1
Colombia-Santander-Oiba,2016-01-09,0
Colombia-Santander-Onzaga,2016-04-30,1
Colombia-Santander-Onzaga,2016-01-09,0
Colombia-Santander-Palmas_Del_Socorro,2016-02-27,1
Colombia-Santander-Palmas_Del_Socorro,2016-01-09,0
Colombia-Santander-Paramo,2016-01-09,0
Colombia-Santander-Paramo,2016-01-30,1
Colombia-Santander-Pinchote,2016-01-09,0
Colombia-Santander-Pinchote,2016-03-05,1
Colombia-Santander-Puente_Nacional,2016-01-16,1
Colombia-Santander-Puente_Nacional,2016-01-09,0
Colombia-Santander-Puerto_Parra,2016-01-09,0
Colombia-Santander-Puerto_Parra,2016-03-05,1
Colombia-Santander-Puerto_Wilches,2016-01-16,1
Colombia-Santander-Puerto_Wilches,2016-01-09,0
Colombia-Santander-Rionegro,2016-02-06,1
Colombia-Santander-Rionegro,2016-01-09,0
Colombia-Santander-San_Benito,2016-03-05,1
Colombia-Santander-San_Benito,2016-01-09,0
Colombia-Santander-San_Gil,2016-01-09,0
Colombia-Santander-San_Gil,2016-01-16,1
Colombia-Santander-San_Joaquin,2016-01-30,1
Colombia-Santander-San_Joaquin,2016-01-09,0
Colombia-Santander-San_Jose_De_Miranda,2016-01-09,0
Colombia-Santander-San_Jose_De_Miranda,2016-04-16,1
Colombia-Santander-Santa_Helena_Del_Opon,2016-01-09,0
Colombia-Santander-Santa_Helena_Del_Opon,2016-06-18,1
Colombia-Santander-Simacota,2016-01-30,1
Colombia-Santander-Simacota,2016-01-09,0
Colombia-Santander-Sucre,2016-03-12,1
Colombia-Santander-Sucre,2016-01-09,0
Colombia-Santander-Tona,2016-01-09,0
Colombia-Santander-Tona,2016-06-04,1
Colombia-Santander-Unknown,2016-01-23,1
Colombia-Santander-Unknown,2016-01-09,0
Colombia-Santander-Valle_De_San_Jose,2016-01-09,0
Colombia-Santander-Valle_De_San_Jose,2016-02-20,1
Colombia-Santander-Velez,2016-01-09,0
Colombia-Santander-Velez,2016-02-06,1
Colombia-Santander-Zapatoca,2016-01-09,0
Colombia-Santander-Zapatoca,2016-02-20,1
Colombia-Sucre-Chalan,2016-01-09,0
Colombia-Sucre-Chalan,2016-01-23,1
Colombia-Sucre-Galeras,2016-01-09,0
Colombia-Sucre-Galeras,2016-02-06,1
Colombia-Sucre-Guaranda,2016-01-09,0
Colombia-Sucre-Guaranda,2016-02-06,1
Colombia-Sucre-Majagual,2016-01-16,1
Colombia-Sucre-Majagual,2016-01-09,0
Colombia-Sucre-San_Benito_Abad,2016-01-30,1
Colombia-Sucre-San_Benito_Abad,2016-01-09,0
Colombia-Tolima-Armero,2016-01-09,0
Colombia-Tolima-Armero,2016-01-16,1
Colombia-Tolima-Ataco,2016-01-16,1
Colombia-Tolima-Ataco,2016-01-09,0
Colombia-Tolima-Cajamarca,2016-01-09,0
Colombia-Tolima-Cajamarca,2016-02-20,1
Colombia-Tolima-Casabianca,2016-01-09,0
Colombia-Tolima-Casabianca,2016-06-18,1
Colombia-Tolima-Cunday,2016-01-09,0
Colombia-Tolima-Cunday,2016-01-16,1
Colombia-Tolima-Dolores,2016-01-09,0
Colombia-Tolima-Dolores,2016-01-23,1
Colombia-Tolima-Falan,2016-01-09,0
Colombia-Tolima-Falan,2016-01-30,1
Colombia-Tolima-Fresno,2016-01-30,1
Colombia-Tolima-Fresno,2016-01-09,0
Colombia-Tolima-Herveo,2016-01-09,0
Colombia-Tolima-Herveo,2016-02-27,1
Colombia-Tolima-Icononzo,2016-01-16,1
Colombia-Tolima-Icononzo,2016-01-09,0
Colombia-Tolima-Libano,2016-01-16,1
Colombia-Tolima-Libano,2016-01-09,0
Colombia-Tolima-Murillo,2016-06-18,1
Colombia-Tolima-Murillo,2016-01-09,0
Colombia-Tolima-Palocabildo,2016-01-09,0
Colombia-Tolima-Palocabildo,2016-01-30,1
Colombia-Tolima-Rioblanco,2016-01-09,0
Colombia-Tolima-Rioblanco,2016-02-20,1
Colombia-Tolima-Rovira,2016-01-09,0
Colombia-Tolima-Rovira,2016-01-30,1
Colombia-Tolima-Santa_Isabel,2016-04-09,1
Colombia-Tolima-Santa_Isabel,2016-01-09,0
Colombia-Tolima-Suarez,2016-01-16,1
Colombia-Tolima-Suarez,2016-01-09,0
Colombia-Tolima-Villarrica,2016-01-09,0
Colombia-Tolima-Villarrica,2016-02-20,1
Colombia-Valle_Del_Cauca-Alcala,2016-01-16,1
Colombia-Valle_Del_Cauca-Alcala,2016-01-09,0
Colombia-Valle_Del_Cauca-Andalucia,2016-01-09,0
Colombia-Valle_Del_Cauca-Andalucia,2016-01-23,1
Colombia-Valle_Del_Cauca-Argelia,2016-01-09,0
Colombia-Valle_Del_Cauca-Argelia,2016-03-05,1
Colombia-Valle_Del_Cauca-Bolivar,2016-01-09,0
Colombia-Valle_Del_Cauca-Bolivar,2016-02-06,1
Colombia-Valle_Del_Cauca-Buenaventura,2016-01-09,0
Colombia-Valle_Del_Cauca-Buenaventura,2016-01-16,1
Colombia-Valle_Del_Cauca-Caicedonia,2016-01-30,1
Colombia-Valle_Del_Cauca-Caicedonia,2016-01-09,0
Colombia-Valle_Del_Cauca-Calima,2016-02-13,1
Colombia-Valle_Del_Cauca-Calima,2016-01-09,0
Colombia-Valle_Del_Cauca-Candelaria,2016-01-09,0
Colombia-Valle_Del_Cauca-Candelaria,2016-01-16,1
Colombia-Valle_Del_Cauca-Dagua,2016-02-20,1
Colombia-Valle_Del_Cauca-Dagua,2016-01-09,0
Colombia-Valle_Del_Cauca-El_Aguila,2016-01-09,0
Colombia-Valle_Del_Cauca-El_Aguila,2016-02-06,1
Colombia-Valle_Del_Cauca-El_Cairo,2016-01-09,0
Colombia-Valle_Del_Cauca-El_Cairo,2016-03-05,1
Colombia-Valle_Del_Cauca-El_Cerrito,2016-01-09,0
Colombia-Valle_Del_Cauca-El_Cerrito,2016-01-30,1
Colombia-Valle_Del_Cauca-El_Dovio,2016-04-30,1
Colombia-Valle_Del_Cauca-El_Dovio,2016-01-09,0
Colombia-Valle_Del_Cauca-Florida,2016-01-23,1
Colombia-Valle_Del_Cauca-Florida,2016-01-09,0
Colombia-Valle_Del_Cauca-Ginebra,2016-01-23,1
Colombia-Valle_Del_Cauca-Ginebra,2016-01-09,0
Colombia-Valle_Del_Cauca-Guacari,2016-01-09,0
Colombia-Valle_Del_Cauca-Guacari,2016-02-13,1
Colombia-Valle_Del_Cauca-Guadalajara_De_Buga,2016-01-09,0
Colombia-Valle_Del_Cauca-Guadalajara_De_Buga,2016-01-16,1
Colombia-Valle_Del_Cauca-Jamundi,2016-01-23,1
Colombia-Valle_Del_Cauca-Jamundi,2016-01-09,0
Colombia-Valle_Del_Cauca-La_Cumbre,2016-01-09,0
Colombia-Valle_Del_Cauca-La_Cumbre,2016-03-12,1
Colombia-Valle_Del_Cauca-La_Union,2016-01-09,0
Colombia-Valle_Del_Cauca-La_Union,2016-01-23,1
Colombia-Valle_Del_Cauca-La_Victoria,2016-01-09,0
Colombia-Valle_Del_Cauca-La_Victoria,2016-02-27,1
Colombia-Valle_Del_Cauca-Obando,2016-02-27,1
Colombia-Valle_Del_Cauca-Obando,2016-01-09,0
Colombia-Valle_Del_Cauca-Pradera,2016-01-09,0
Colombia-Valle_Del_Cauca-Pradera,2016-01-23,1
Colombia-Valle_Del_Cauca-Restrepo,2016-01-30,1
Colombia-Valle_Del_Cauca-Restrepo,2016-01-09,0
Colombia-Valle_Del_Cauca-Riofrio,2016-01-30,1
Colombia-Valle_Del_Cauca-Riofrio,2016-01-09,0
Colombia-Valle_Del_Cauca-Roldanillo,2016-01-16,1
Colombia-Valle_Del_Cauca-Roldanillo,2016-01-09,0
Colombia-Valle_Del_Cauca-San_Pedro,2016-01-09,0
Colombia-Valle_Del_Cauca-San_Pedro,2016-02-13,1
Colombia-Valle_Del_Cauca-Trujillo,2016-01-09,0
Colombia-Valle_Del_Cauca-Trujillo,2016-02-13,1
Colombia-Valle_Del_Cauca-Ulloa,2016-01-09,0
Colombia-Valle_Del_Cauca-Ulloa,2016-02-13,1
Colombia-Valle_Del_Cauca-Unknown,2016-02-13,1
Colombia-Valle_Del_Cauca-Unknown,2016-01-09,0
Colombia-Valle_Del_Cauca-Vijes,2016-01-09,0
Colombia-Valle_Del_Cauca-Vijes,2016-01-16,1
Colombia-Valle_Del_Cauca-Yotoco,2016-01-16,1
Colombia-Valle_Del_Cauca-Yotoco,2016-01-09,0
Colombia-Valle_Del_Cauca-Zarzal,2016-01-09,0
Colombia-Valle_Del_Cauca-Zarzal,2016-01-30,1
Colombia-Vaupes-Mitu,2016-02-06,1
Colombia-Vaupes-Mitu,2016-01-09,0
Colombia-Vichada-Cumaribo,2016-01-09,0
Colombia-Vichada-Cumaribo,2016-02-13,1
Colombia-Vichada-Puerto_Carreno,2016-01-23,1
Colombia-Vichada-Puerto_Carreno,2016-01-09,0
Colombia-Vichada-Santa_Rosalia,2016-04-02,1
Colombia-Vichada-Santa_Rosalia,2016-01-09,0
Colombia-Vichada-Unknown,2016-02-27,1
Colombia-Vichada-Unknown,2016-01-09,0
Dominican_Republic,2016-01-09,0
Dominican_Republic,2016-01-23,1
Dominican_Republic-Dajabon,2016-04-30,1
Dominican_Republic-Dajabon,2016-03-26,0
Dominican_Republic-Elias_Pina,2016-04-30,1
Dominican_Republic-Elias_Pina,2016-03-26,0
Dominican_Republic-Samana,2016-04-16,1
Dominican_Republic-Samana,2016-03-26,0
Dominican_Republic-Santiago-Rodriguez,2016-03-26,0
Dominican_Republic-Santiago-Rodriguez,2016-04-23,1
Mexico-Campeche,2016-06-11,1
Mexico-Campeche,2015-11-28,0
Mexico-Colima,2016-06-11,1
Mexico-Colima,2015-11-28,0
Mexico-Guerrero,2016-01-30,1
Mexico-Guerrero,2015-11-28,0
Mexico-Jalisco,2016-01-02,1
Mexico-Jalisco,2015-11-28,0
Mexico-Michoacan_de_Ocampo,2016-02-13,1
Mexico-Michoacan_de_Ocampo,2015-11-28,0
Mexico-Nayarit,2016-03-05,1
Mexico-Nayarit,2015-11-28,0
Mexico-Oaxaca,2016-01-23,1
Mexico-Oaxaca,2015-11-28,0
Mexico-Quintana_Roo,2015-11-28,0
Mexico-Quintana_Roo,2016-06-11,1
Mexico-Sinaloa,2016-01-23,1
Mexico-Sinaloa,2015-11-28,0
Mexico-Tabasco,2016-03-05,1
Mexico-Tabasco,2015-11-28,0
Mexico-Veracruz_de_Ignacio_de_la_Llave,2016-01-30,1
Mexico-Veracruz_de_Ignacio_de_la_Llave,2015-11-28,0
Mexico-Yucatan,2016-01-30,1
Mexico-Yucatan,2015-11-28,0
United_States_Virgin_Islands-Saint_John,2016-02-16,0
United_States_Virgin_Islands-Saint_John,2016-02-23,1
