location,date,zika_bool
Argentina-Buenos_Aires,2016-03-19,1
Argentina-CABA,2016-03-19,1
Argentina-Catamarca,2016-03-19,1
Argentina-Chaco,2016-03-19,1
Argentina-Chubut,2016-03-19,1
Argentina-Cordoba,2016-03-19,1
Argentina-Corrientes,2016-03-19,1
Argentina-Entre_Rios,2016-03-19,1
Argentina-Formosa,2016-03-19,1
Argentina-Jujuy,2016-03-19,1
Argentina-La_Pampa,2016-03-19,1
Argentina-La_Rioja,2016-03-19,1
Argentina-Mendoza,2016-03-19,1
Argentina-Misiones,2016-03-19,1
Argentina-Neuquen,2016-03-19,1
Argentina-Rio_Negro,2016-03-19,1
Argentina-Salta,2016-03-19,1
Argentina-San_Juan,2016-04-29,1
Argentina-San_Luis,2016-03-19,1
Argentina-Santa_Cruz,2016-03-19,1
Argentina-Santa_Fe,2016-03-19,1
Argentina-Sgo_Del_Estero,2016-03-19,1
Argentina-Tierra_Del_Fuego,2016-04-29,0
Argentina-Tierra_del_Fuego,2016-03-19,0
Argentina-Tucuman,2016-03-19,1
Brazil,2016-04-02,1
Brazil-Acre,2016-02-13,1
Brazil-Alagoas,2016-02-13,1
Brazil-Amapa,2016-04-02,1
Brazil-Amazonas,2016-02-27,1
Brazil-Bahia,2016-02-13,1
Brazil-Ceara,2016-02-13,1
Brazil-Distrito_Federal,2016-02-13,1
Brazil-Espirito_Santo,2016-02-13,1
Brazil-Goias,2016-02-13,1
Brazil-Maranhao,2016-02-13,1
Brazil-Mato_Grosso,2016-02-13,1
Brazil-Mato_Grosso_do_Sul,2016-02-13,1
Brazil-Minas_Gerais,2016-02-13,1
Brazil-Para,2016-02-13,1
Brazil-Paraiba,2016-02-13,1
Brazil-Parana,2016-02-13,1
Brazil-Pernambuco,2016-02-13,1
Brazil-Piaui,2016-02-13,1
Brazil-Rio_Grande_do_Norte,2016-02-13,1
Brazil-Rio_Grande_do_Sul,2016-02-13,1
Brazil-Rio_de_Janeiro,2016-02-13,1
Brazil-Rondonia,2016-02-13,1
Brazil-Roraima,2016-02-13,1
Brazil-Santa_Catarina,2016-03-05,1
Brazil-Sao_Paulo,2016-02-13,1
Brazil-Sergipe,2016-02-13,1
Brazil-Tocantins,2016-02-13,1
Centro-Oeste,2016-04-02,1
Colombia-Amazonas-El_Encanto,2016-01-09,0
Colombia-Amazonas-La_Chorrera,2016-01-09,0
Colombia-Amazonas-La_Pedrera,2016-06-18,1
Colombia-Amazonas-La_Victoria,2016-01-09,0
Colombia-Amazonas-Leticia,2016-01-09,1
Colombia-Amazonas-Miriti_Parana,2016-01-09,0
Colombia-Amazonas-Puerto_Alegria,2016-01-09,0
Colombia-Amazonas-Puerto_Arica,2016-06-18,1
Colombia-Amazonas-Puerto_Narino,2016-04-02,1
Colombia-Amazonas-Puerto_Santander,2016-01-09,0
Colombia-Amazonas-Tarapaca,2016-01-09,0
Colombia-Amazonas-Unknown,2016-01-09,1
Colombia-Antioquia-Abejorral,2016-01-16,1
Colombia-Antioquia-Abriaqui,2016-01-09,0
Colombia-Antioquia-Alejandria,2016-01-09,0
Colombia-Antioquia-Amaga,2016-01-30,1
Colombia-Antioquia-Amalfi,2016-04-09,1
Colombia-Antioquia-Andes,2016-03-26,1
Colombia-Antioquia-Angelopolis,2016-02-13,1
Colombia-Antioquia-Angostura,2016-01-09,0
Colombia-Antioquia-Anori,2016-01-09,0
Colombia-Antioquia-Anza,2016-05-07,1
Colombia-Antioquia-Apartado,2016-01-09,1
Colombia-Antioquia-Arboletes,2016-01-23,1
Colombia-Antioquia-Argelia,2016-06-18,1
Colombia-Antioquia-Armenia,2016-01-30,1
Colombia-Antioquia-Barbosa,2016-01-09,1
Colombia-Antioquia-Bello,2016-01-09,1
Colombia-Antioquia-Belmira,2016-05-28,1
Colombia-Antioquia-Betania,2016-03-26,1
Colombia-Antioquia-Betulia,2016-06-18,1
Colombia-Antioquia-Briceno,2016-01-09,0
Colombia-Antioquia-Buritica,2016-06-18,1
Colombia-Antioquia-Caceres,2016-01-30,1
Colombia-Antioquia-Caicedo,2016-06-18,1
Colombia-Antioquia-Caldas,2016-01-30,1
Colombia-Antioquia-Campamento,2016-01-09,0
Colombia-Antioquia-Canasgordas,2016-01-09,1
Colombia-Antioquia-Caracoli,2016-02-13,1
Colombia-Antioquia-Caramanta,2016-06-18,1
Colombia-Antioquia-Carepa,2016-01-09,1
Colombia-Antioquia-Carolina,2016-06-18,1
Colombia-Antioquia-Caucasia,2016-01-09,1
Colombia-Antioquia-Chigorodo,2016-01-16,1
Colombia-Antioquia-Cisneros,2016-03-05,1
Colombia-Antioquia-Ciudad_Bolivar,2016-01-09,1
Colombia-Antioquia-Cocorna,2016-01-09,1
Colombia-Antioquia-Concepcion,2016-01-09,0
Colombia-Antioquia-Concordia,2016-04-30,1
Colombia-Antioquia-Copacabana,2016-01-23,1
Colombia-Antioquia-Dabeiba,2016-02-13,1
Colombia-Antioquia-Don_Matias,2016-01-09,0
Colombia-Antioquia-Ebejico,2016-01-30,1
Colombia-Antioquia-El_Bagre,2016-01-09,1
Colombia-Antioquia-El_Carmen_De_Viboral,2016-02-06,1
Colombia-Antioquia-El_Santuario,2016-01-09,0
Colombia-Antioquia-Entrerrios,2016-06-18,1
Colombia-Antioquia-Envigado,2016-01-09,1
Colombia-Antioquia-Fredonia,2016-02-13,1
Colombia-Antioquia-Frontino,2016-05-14,1
Colombia-Antioquia-Giraldo,2016-06-18,1
Colombia-Antioquia-Girardota,2016-01-09,1
Colombia-Antioquia-Gomez_Plata,2016-06-18,1
Colombia-Antioquia-Granada,2016-01-30,1
Colombia-Antioquia-Guadalupe,2016-01-09,0
Colombia-Antioquia-Guarne,2016-03-05,1
Colombia-Antioquia-Guatape,2016-01-09,1
Colombia-Antioquia-Heliconia,2016-01-16,1
Colombia-Antioquia-Hispania,2016-01-09,1
Colombia-Antioquia-Itagui,2016-01-09,1
Colombia-Antioquia-Ituango,2016-02-13,1
Colombia-Antioquia-Jardin,2016-05-07,1
Colombia-Antioquia-Jerico,2016-03-12,1
Colombia-Antioquia-La_Ceja,2016-05-21,1
Colombia-Antioquia-La_Estrella,2016-01-23,1
Colombia-Antioquia-La_Pintada,2016-02-06,1
Colombia-Antioquia-La_Union,2016-01-16,1
Colombia-Antioquia-Liborina,2016-01-23,1
Colombia-Antioquia-Maceo,2016-01-09,1
Colombia-Antioquia-Marinilla,2016-06-11,1
Colombia-Antioquia-Medellin,2016-01-09,1
Colombia-Antioquia-Montebello,2016-05-28,1
Colombia-Antioquia-Murindo,2016-03-26,1
Colombia-Antioquia-Mutata,2016-01-09,1
Colombia-Antioquia-Narino,2016-01-30,1
Colombia-Antioquia-Nechi,2016-02-06,1
Colombia-Antioquia-Necocli,2016-01-23,1
Colombia-Antioquia-Olaya,2016-02-06,1
Colombia-Antioquia-Peque,2016-02-27,1
Colombia-Antioquia-Peðol,2016-05-28,1
Colombia-Antioquia-Pueblorrico,2016-01-09,0
Colombia-Antioquia-Puerto_Berrio,2016-01-09,1
Colombia-Antioquia-Puerto_Nare,2016-01-09,1
Colombia-Antioquia-Puerto_Triunfo,2016-01-09,1
Colombia-Antioquia-Remedios,2016-02-27,1
Colombia-Antioquia-Retiro,2016-01-09,0
Colombia-Antioquia-Rionegro,2016-01-09,1
Colombia-Antioquia-Sabanalarga,2016-01-09,1
Colombia-Antioquia-Sabaneta,2016-01-23,1
Colombia-Antioquia-Salgar,2016-01-16,1
Colombia-Antioquia-San_Andres_De_Cuerquia,2016-01-09,1
Colombia-Antioquia-San_Carlos,2016-01-09,1
Colombia-Antioquia-San_Francisco,2016-02-20,1
Colombia-Antioquia-San_Jeronimo,2016-02-20,1
Colombia-Antioquia-San_Jose_De_La_Montana,2016-01-09,0
Colombia-Antioquia-San_Juan_De_Uraba,2016-01-16,1
Colombia-Antioquia-San_Luis,2016-01-09,1
Colombia-Antioquia-San_Pedro,2016-01-23,1
Colombia-Antioquia-San_Pedro_De_Uraba,2016-01-23,1
Colombia-Antioquia-San_Rafael,2016-02-13,1
Colombia-Antioquia-San_Roque,2016-02-06,1
Colombia-Antioquia-San_Vicente,2016-01-09,0
Colombia-Antioquia-Santa_Barbara,2016-03-26,1
Colombia-Antioquia-Santa_Rosa_De_Osos,2016-01-09,0
Colombia-Antioquia-Santafe_De_Antioquia,2016-01-23,1
Colombia-Antioquia-Santo_Domingo,2016-05-28,1
Colombia-Antioquia-Segovia,2016-03-05,1
Colombia-Antioquia-Sonson,2016-02-27,1
Colombia-Antioquia-Sopetran,2016-01-30,1
Colombia-Antioquia-Tamesis,2016-01-09,0
Colombia-Antioquia-Taraza,2016-01-09,1
Colombia-Antioquia-Tarso,2016-01-09,0
Colombia-Antioquia-Titiribi,2016-01-09,0
Colombia-Antioquia-Toledo,2016-02-20,1
Colombia-Antioquia-Turbo,2016-01-09,1
Colombia-Antioquia-Unknown,2016-01-09,1
Colombia-Antioquia-Uramita,2016-01-09,1
Colombia-Antioquia-Urrao,2016-03-05,1
Colombia-Antioquia-Valdivia,2016-04-02,1
Colombia-Antioquia-Valparaiso,2016-01-09,1
Colombia-Antioquia-Vegachi,2016-02-06,1
Colombia-Antioquia-Venecia,2016-02-20,1
Colombia-Antioquia-Vigia_Del_Fuerte,2016-01-09,0
Colombia-Antioquia-Yali,2016-01-09,0
Colombia-Antioquia-Yarumal,2016-02-13,1
Colombia-Antioquia-Yolombo,2016-03-05,1
Colombia-Antioquia-Yondo,2016-02-06,1
Colombia-Antioquia-Zaragoza,2016-02-06,1
Colombia-Arauca-Arauca,2016-01-09,1
Colombia-Arauca-Arauquita,2016-01-09,1
Colombia-Arauca-Cravo_Norte,2016-04-30,1
Colombia-Arauca-Fortul,2016-01-09,1
Colombia-Arauca-Puerto_Rondon,2016-04-09,1
Colombia-Arauca-Saravena,2016-01-09,1
Colombia-Arauca-Tame,2016-01-09,1
Colombia-Arauca-Unknown,2016-02-13,1
Colombia-Atlantico-Baranoa,2016-01-09,1
Colombia-Atlantico-Campo_De_La_Cruz,2016-01-16,1
Colombia-Atlantico-Candelaria,2016-01-09,1
Colombia-Atlantico-Galapa,2016-01-09,1
Colombia-Atlantico-Juan_De_Acosta,2016-01-09,1
Colombia-Atlantico-Luruaco,2016-01-09,1
Colombia-Atlantico-Malambo,2016-01-09,1
Colombia-Atlantico-Manati,2016-01-23,1
Colombia-Atlantico-Palmar_De_Varela,2016-01-09,1
Colombia-Atlantico-Piojo,2016-03-05,1
Colombia-Atlantico-Polonuevo,2016-01-09,1
Colombia-Atlantico-Ponedera,2016-01-16,1
Colombia-Atlantico-Puerto_Colombia,2016-01-09,1
Colombia-Atlantico-Repelon,2016-01-09,1
Colombia-Atlantico-Sabanagrande,2016-01-09,1
Colombia-Atlantico-Sabanalarga,2016-01-09,1
Colombia-Atlantico-Santa_Lucia,2016-01-16,1
Colombia-Atlantico-Santo_Tomas,2016-01-09,1
Colombia-Atlantico-Soledad,2016-01-09,1
Colombia-Atlantico-Suan,2016-01-16,1
Colombia-Atlantico-Tubara,2016-01-09,1
Colombia-Atlantico-Unknown,2016-01-09,1
Colombia-Atlantico-Usiacuri,2016-01-09,1
Colombia-Barranquilla-Barranquilla,2016-01-09,1
Colombia-Bogota-Barrios_Unidos_12_De_Octubre,2016-01-09,0
Colombia-Bogota-Barrios_Unidos_Los_Andes,2016-01-09,0
"Colombia-Bogota-Bogota,_D.C.",2016-01-09,1
Colombia-Bogota-Bosa_Bosa_Central,2016-01-09,0
Colombia-Bogota-Bosa_Tintal_Sur,2016-01-09,0
Colombia-Bogota-Chapinero_Chapinero,2016-01-09,0
Colombia-Bogota-Chapinero_Chico_Lago,2016-01-09,0
Colombia-Bogota-Ciudad_Bolivar_San_Francisco,2016-01-09,0
Colombia-Bogota-Engativa_Engativa,2016-01-09,0
Colombia-Bogota-Fontibon_Fontibon,2016-01-09,0
Colombia-Bogota-Kennedy_Americas,2016-01-09,0
Colombia-Bogota-Kennedy_Kennedy_Central,2016-01-09,0
Colombia-Bogota-La_Candelaria_La_Candelaria,2016-01-09,0
Colombia-Bogota-Puente_Aranda_San_Rafael,2016-01-09,0
Colombia-Bogota-San_Cristobal_Sociego,2016-01-09,0
Colombia-Bogota-Teusaquillo_Ciudad_Salitre_Oriental,2016-01-09,0
Colombia-Bogota-Teusaquillo_La_Esmeralda,2016-01-09,0
Colombia-Bogota-Teusaquillo_Quinta_Paredes,2016-01-09,0
Colombia-Bogota-Teusaquillo_Teusaquillo,2016-01-09,0
Colombia-Bogota-Tunjuelito_Tunjuelito,2016-01-09,0
Colombia-Bogota-Tunjuelito_Venecia,2016-01-09,0
Colombia-Bogota-Usaquen_Los_Cedros,2016-01-09,0
Colombia-Bogota-Usaquen_Santa_Barbara,2016-01-09,0
Colombia-Bolivar-Achi,2016-01-23,1
Colombia-Bolivar-Altos_Del_Rosario,2016-01-09,0
Colombia-Bolivar-Arenal,2016-01-09,1
Colombia-Bolivar-Arjona,2016-01-09,1
Colombia-Bolivar-Arroyohondo,2016-03-19,1
Colombia-Bolivar-Barranco_De_Loba,2016-01-09,1
Colombia-Bolivar-Calamar,2016-01-23,1
Colombia-Bolivar-Cantagallo,2016-02-06,1
Colombia-Bolivar-Cicuco,2016-01-09,1
Colombia-Bolivar-Clemencia,2016-03-12,1
Colombia-Bolivar-Cordoba,2016-01-09,1
Colombia-Bolivar-El_Carmen_De_Bolivar,2016-01-09,1
Colombia-Bolivar-El_Guamo,2016-01-30,1
Colombia-Bolivar-El_Penon,2016-01-16,1
Colombia-Bolivar-Hatillo_De_Loba,2016-01-09,0
Colombia-Bolivar-Magangue,2016-01-09,1
Colombia-Bolivar-Mahates,2016-01-09,1
Colombia-Bolivar-Margarita,2016-02-27,1
Colombia-Bolivar-Maria_La_Baja,2016-01-09,1
Colombia-Bolivar-Mompos,2016-01-09,1
Colombia-Bolivar-Montecristo,2016-01-30,1
Colombia-Bolivar-Morales,2016-01-23,1
Colombia-Bolivar-Norosi,2016-01-09,1
Colombia-Bolivar-Pinillos,2016-01-23,1
Colombia-Bolivar-Regidor,2016-02-27,1
Colombia-Bolivar-Rio_Viejo,2016-01-09,1
Colombia-Bolivar-San_Cristobal,2016-02-20,1
Colombia-Bolivar-San_Estanislao,2016-02-13,1
Colombia-Bolivar-San_Fernando,2016-01-09,1
Colombia-Bolivar-San_Jacinto,2016-01-09,1
Colombia-Bolivar-San_Jacinto_Del_Cauca,2016-02-13,1
Colombia-Bolivar-San_Juan_Nepomuceno,2016-01-09,1
Colombia-Bolivar-San_Martin_De_Loba,2016-02-13,1
Colombia-Bolivar-San_Pablo,2016-03-05,1
Colombia-Bolivar-Santa_Catalina,2016-01-23,1
Colombia-Bolivar-Santa_Rosa,2016-01-09,1
Colombia-Bolivar-Santa_Rosa_Del_Sur,2016-01-09,1
Colombia-Bolivar-Simiti,2016-06-25,1
Colombia-Bolivar-Soplaviento,2016-01-09,1
Colombia-Bolivar-Talaigua_Nuevo,2016-01-30,1
Colombia-Bolivar-Tiquisio,2016-02-27,1
Colombia-Bolivar-Turbaco,2016-01-09,1
Colombia-Bolivar-Turbana,2016-01-09,1
Colombia-Bolivar-Unknown,2016-01-09,1
Colombia-Bolivar-Villanueva,2016-01-09,1
Colombia-Bolivar-Zambrano,2016-01-09,0
Colombia-Boyaca-Almeida,2016-01-09,0
Colombia-Boyaca-Aquitania,2016-01-09,0
Colombia-Boyaca-Arcabuco,2016-01-09,0
Colombia-Boyaca-Belen,2016-06-18,1
Colombia-Boyaca-Berbeo,2016-01-09,0
Colombia-Boyaca-Beteitiva,2016-01-30,1
Colombia-Boyaca-Boavita,2016-03-05,1
Colombia-Boyaca-Boyaca,2016-04-16,1
Colombia-Boyaca-Briceno,2016-01-09,0
Colombia-Boyaca-Buenavista,2016-03-12,1
Colombia-Boyaca-Busbanza,2016-01-09,0
Colombia-Boyaca-Caldas,2016-01-09,0
Colombia-Boyaca-Campohermoso,2016-01-09,1
Colombia-Boyaca-Cerinza,2016-01-09,0
Colombia-Boyaca-Chinavita,2016-01-09,0
Colombia-Boyaca-Chiquinquira,2016-01-09,1
Colombia-Boyaca-Chiquiza,2016-01-09,0
Colombia-Boyaca-Chiscas,2016-01-09,0
Colombia-Boyaca-Chita,2016-01-09,0
Colombia-Boyaca-Chitaraque,2016-01-09,1
Colombia-Boyaca-Chivata,2016-01-09,0
Colombia-Boyaca-Chivor,2016-01-09,0
Colombia-Boyaca-Cienega,2016-01-09,0
Colombia-Boyaca-Combita,2016-01-09,0
Colombia-Boyaca-Coper,2016-01-30,1
Colombia-Boyaca-Corrales,2016-01-09,0
Colombia-Boyaca-Covarachia,2016-01-09,0
Colombia-Boyaca-Cubara,2016-02-20,1
Colombia-Boyaca-Cucaita,2016-01-09,0
Colombia-Boyaca-Cuitiva,2016-01-09,0
Colombia-Boyaca-Duitama,2016-02-06,1
Colombia-Boyaca-El_Cocuy,2016-01-09,0
Colombia-Boyaca-El_Espino,2016-01-09,0
Colombia-Boyaca-Firavitoba,2016-01-09,0
Colombia-Boyaca-Floresta,2016-01-09,0
Colombia-Boyaca-Gachantiva,2016-01-09,0
Colombia-Boyaca-Gameza,2016-01-09,0
Colombia-Boyaca-Garagoa,2016-02-13,1
Colombia-Boyaca-Guacamayas,2016-01-09,0
Colombia-Boyaca-Guateque,2016-04-30,1
Colombia-Boyaca-Guayata,2016-01-09,0
Colombia-Boyaca-Guican,2016-01-09,0
Colombia-Boyaca-Iza,2016-01-09,0
Colombia-Boyaca-Jenesano,2016-01-09,0
Colombia-Boyaca-Jerico,2016-01-09,0
Colombia-Boyaca-La_Capilla,2016-01-09,0
Colombia-Boyaca-La_Uvita,2016-06-04,1
Colombia-Boyaca-La_Victoria,2016-01-09,0
Colombia-Boyaca-Labranzagrande,2016-02-27,1
Colombia-Boyaca-Macanal,2016-04-30,1
Colombia-Boyaca-Maripi,2016-04-23,1
Colombia-Boyaca-Miraflores,2016-03-12,1
Colombia-Boyaca-Mongua,2016-01-09,0
Colombia-Boyaca-Mongui,2016-01-09,0
Colombia-Boyaca-Moniquira,2016-01-23,1
Colombia-Boyaca-Motavita,2016-01-09,0
Colombia-Boyaca-Muzo,2016-01-09,1
Colombia-Boyaca-Nobsa,2016-01-09,0
Colombia-Boyaca-Nuevo_Colon,2016-02-27,1
Colombia-Boyaca-Oicata,2016-01-09,0
Colombia-Boyaca-Otanche,2016-01-09,1
Colombia-Boyaca-Pachavita,2016-01-09,0
Colombia-Boyaca-Paez,2016-01-09,1
Colombia-Boyaca-Paipa,2016-01-09,0
Colombia-Boyaca-Pajarito,2016-01-09,1
Colombia-Boyaca-Panqueba,2016-01-09,0
Colombia-Boyaca-Pauna,2016-02-06,1
Colombia-Boyaca-Paya,2016-01-09,0
Colombia-Boyaca-Paz_De_Rio,2016-01-09,0
Colombia-Boyaca-Pesca,2016-01-09,0
Colombia-Boyaca-Pisba,2016-01-09,0
Colombia-Boyaca-Puerto_Boyaca,2016-01-09,1
Colombia-Boyaca-Quipama,2016-04-02,1
Colombia-Boyaca-Ramiriqui,2016-01-09,0
Colombia-Boyaca-Raquira,2016-01-09,0
Colombia-Boyaca-Rondon,2016-01-09,0
Colombia-Boyaca-Saboya,2016-01-09,0
Colombia-Boyaca-Sachica,2016-01-30,1
Colombia-Boyaca-Samaca,2016-01-09,0
Colombia-Boyaca-San_Eduardo,2016-01-09,0
Colombia-Boyaca-San_Jose_De_Pare,2016-02-27,1
Colombia-Boyaca-San_Luis_De_Gaceno,2016-01-09,1
Colombia-Boyaca-San_Mateo,2016-01-09,0
Colombia-Boyaca-San_Miguel_De_Sema,2016-01-09,0
Colombia-Boyaca-San_Pablo_De_Borbur,2016-01-09,1
Colombia-Boyaca-Santa_Maria,2016-02-27,1
Colombia-Boyaca-Santa_Rosa_De_Viterbo,2016-01-09,0
Colombia-Boyaca-Santa_Sofia,2016-01-09,0
Colombia-Boyaca-Santana,2016-01-09,1
Colombia-Boyaca-Sativanorte,2016-01-09,0
Colombia-Boyaca-Sativasur,2016-01-09,0
Colombia-Boyaca-Siachoque,2016-01-09,0
Colombia-Boyaca-Soata,2016-02-06,1
Colombia-Boyaca-Socha,2016-01-09,0
Colombia-Boyaca-Socota,2016-03-19,1
Colombia-Boyaca-Sogamoso,2016-02-13,1
Colombia-Boyaca-Somondoco,2016-01-09,0
Colombia-Boyaca-Sora,2016-01-09,0
Colombia-Boyaca-Soraca,2016-01-09,0
Colombia-Boyaca-Sotaquira,2016-01-09,0
Colombia-Boyaca-Susacon,2016-01-09,0
Colombia-Boyaca-Sutamarchan,2016-06-11,1
Colombia-Boyaca-Sutatenza,2016-01-16,1
Colombia-Boyaca-Tasco,2016-01-09,0
Colombia-Boyaca-Tenza,2016-01-09,0
Colombia-Boyaca-Tibana,2016-01-16,1
Colombia-Boyaca-Tibasosa,2016-02-13,1
Colombia-Boyaca-Tinjaca,2016-01-09,0
Colombia-Boyaca-Tipacoque,2016-02-06,1
Colombia-Boyaca-Toca,2016-01-09,0
Colombia-Boyaca-Togui,2016-06-18,1
Colombia-Boyaca-Topaga,2016-01-09,0
Colombia-Boyaca-Tota,2016-01-09,0
Colombia-Boyaca-Tunja,2016-01-23,1
Colombia-Boyaca-Tunungua,2016-04-30,1
Colombia-Boyaca-Turmeque,2016-01-09,0
Colombia-Boyaca-Tuta,2016-01-09,0
Colombia-Boyaca-Tutaza,2016-01-09,0
Colombia-Boyaca-Umbita,2016-01-09,1
Colombia-Boyaca-Unknown,2016-03-26,1
Colombia-Boyaca-Ventaquemada,2016-01-09,0
Colombia-Boyaca-Villa_De_Leyva,2016-01-09,0
Colombia-Boyaca-Viracacha,2016-01-09,0
Colombia-Boyaca-Zetaquira,2016-02-27,1
Colombia-Caldas-Aguadas,2016-01-30,1
Colombia-Caldas-Anserma,2016-03-19,1
Colombia-Caldas-Aranzazu,2016-01-09,0
Colombia-Caldas-Belalcazar,2016-01-09,0
Colombia-Caldas-Chinchina,2016-01-09,1
Colombia-Caldas-Filadelfia,2016-01-30,1
Colombia-Caldas-La_Dorada,2016-01-09,1
Colombia-Caldas-La_Merced,2016-01-09,0
Colombia-Caldas-Manizales,2016-01-09,1
Colombia-Caldas-Manzanares,2016-02-06,1
Colombia-Caldas-Marmato,2016-01-09,1
Colombia-Caldas-Marquetalia,2016-01-30,1
Colombia-Caldas-Marulanda,2016-01-09,0
Colombia-Caldas-Neira,2016-02-06,1
Colombia-Caldas-Norcasia,2016-01-16,1
Colombia-Caldas-Pacora,2016-02-13,1
Colombia-Caldas-Palestina,2016-01-09,1
Colombia-Caldas-Pensilvania,2016-01-09,1
Colombia-Caldas-Riosucio,2016-01-09,1
Colombia-Caldas-Risaralda,2016-02-27,1
Colombia-Caldas-Salamina,2016-01-09,0
Colombia-Caldas-Samana,2016-01-09,1
Colombia-Caldas-San_Jose,2016-01-23,1
Colombia-Caldas-Supia,2016-01-23,1
Colombia-Caldas-Unknown,2016-01-30,1
Colombia-Caldas-Victoria,2016-01-09,1
Colombia-Caldas-Villamaria,2016-03-12,1
Colombia-Caldas-Viterbo,2016-01-23,1
Colombia-Caqueta-Albania,2016-02-27,1
Colombia-Caqueta-Belen_De_Los_Andaquies,2016-01-30,1
Colombia-Caqueta-Cartagena_Del_Chaira,2016-01-16,1
Colombia-Caqueta-Curillo,2016-02-06,1
Colombia-Caqueta-El_Doncello,2016-01-09,1
Colombia-Caqueta-El_Paujil,2016-01-09,1
Colombia-Caqueta-Florencia,2016-01-09,1
Colombia-Caqueta-La_Montanita,2016-01-23,1
Colombia-Caqueta-Milan,2016-01-30,1
Colombia-Caqueta-Morelia,2016-01-09,1
Colombia-Caqueta-Puerto_Rico,2016-02-06,1
Colombia-Caqueta-San_Jose_Del_Fragua,2016-01-16,1
Colombia-Caqueta-San_Vicente_Del_Caguan,2016-01-09,1
Colombia-Caqueta-Solano,2016-01-30,1
Colombia-Caqueta-Solita,2016-02-20,1
Colombia-Caqueta-Unknown,2016-01-30,1
Colombia-Caqueta-Valparaiso,2016-02-13,1
Colombia-Cartagena-Cartagena,2016-01-09,1
Colombia-Casanare-Aguazul,2016-01-09,1
Colombia-Casanare-Chameza,2016-01-09,1
Colombia-Casanare-Hato_Corozal,2016-01-30,1
Colombia-Casanare-La_Salina,2016-06-18,1
Colombia-Casanare-Mani,2016-02-13,1
Colombia-Casanare-Monterrey,2016-01-09,1
Colombia-Casanare-Nunchia,2016-01-30,1
Colombia-Casanare-Orocue,2016-01-16,1
Colombia-Casanare-Paz_De_Ariporo,2016-01-09,1
Colombia-Casanare-Pore,2016-02-06,1
Colombia-Casanare-Recetor,2016-06-18,1
Colombia-Casanare-Sabanalarga,2016-04-09,1
Colombia-Casanare-Sacama,2016-04-30,1
Colombia-Casanare-San_Luis_De_Palenque,2016-01-09,1
Colombia-Casanare-Tamara,2016-03-12,1
Colombia-Casanare-Tauramena,2016-01-09,1
Colombia-Casanare-Trinidad,2016-01-09,1
Colombia-Casanare-Unknown,2016-01-30,1
Colombia-Casanare-Villanueva,2016-01-09,1
Colombia-Casanare-Yopal,2016-01-09,1
Colombia-Cauca-Almaguer,2016-05-07,1
Colombia-Cauca-Argelia,2016-01-09,1
Colombia-Cauca-Balboa,2016-01-30,1
Colombia-Cauca-Bolivar,2016-01-09,0
Colombia-Cauca-Buenos_Aires,2016-03-05,1
Colombia-Cauca-Cajibio,2016-04-23,1
Colombia-Cauca-Caldono,2016-05-28,1
Colombia-Cauca-Caloto,2016-03-05,1
Colombia-Cauca-Corinto,2016-02-06,1
Colombia-Cauca-El_Tambo,2016-05-28,1
Colombia-Cauca-Florencia,2016-05-07,1
Colombia-Cauca-Guachene,2016-01-09,0
Colombia-Cauca-Guapi,2016-03-05,1
Colombia-Cauca-Inza,2016-03-05,1
Colombia-Cauca-Jambalo,2016-02-13,1
Colombia-Cauca-La_Sierra,2016-02-13,1
Colombia-Cauca-La_Vega,2016-01-16,1
Colombia-Cauca-Lopez,2016-01-09,0
Colombia-Cauca-Mercaderes,2016-01-09,1
Colombia-Cauca-Miranda,2016-01-23,1
Colombia-Cauca-Morales,2016-01-09,0
Colombia-Cauca-Padilla,2016-02-06,1
Colombia-Cauca-Paez,2016-02-06,1
Colombia-Cauca-Patia,2016-03-12,1
Colombia-Cauca-Piamonte,2016-06-18,1
Colombia-Cauca-Piendamo,2016-01-09,0
Colombia-Cauca-Popayan,2016-01-23,1
Colombia-Cauca-Puerto_Tejada,2016-01-30,1
Colombia-Cauca-Purace,2016-01-09,0
Colombia-Cauca-Rosas,2016-01-09,0
Colombia-Cauca-San_Sebastian,2016-01-09,0
Colombia-Cauca-Santa_Rosa,2016-01-09,0
Colombia-Cauca-Santander_De_Quilichao,2016-01-09,1
Colombia-Cauca-Silvia,2016-01-09,0
Colombia-Cauca-Sotara,2016-01-09,0
Colombia-Cauca-Suarez,2016-04-09,1
Colombia-Cauca-Sucre,2016-01-09,1
Colombia-Cauca-Timbio,2016-03-26,1
Colombia-Cauca-Timbiqui,2016-01-09,0
Colombia-Cauca-Toribio,2016-01-30,1
Colombia-Cauca-Totoro,2016-01-09,0
Colombia-Cauca-Unknown,2016-01-23,1
Colombia-Cauca-Villa_Rica,2016-01-23,1
Colombia-Cesar-Aguachica,2016-01-09,1
Colombia-Cesar-Agustin_Codazzi,2016-01-09,1
Colombia-Cesar-Astrea,2016-01-16,1
Colombia-Cesar-Becerril,2016-01-16,1
Colombia-Cesar-Bosconia,2016-01-16,1
Colombia-Cesar-Chimichagua,2016-05-14,1
Colombia-Cesar-Chiriguana,2016-01-30,1
Colombia-Cesar-Curumani,2016-01-16,1
Colombia-Cesar-El_Copey,2016-01-09,1
Colombia-Cesar-El_Paso,2016-01-09,1
Colombia-Cesar-Gamarra,2016-01-23,1
Colombia-Cesar-Gonzalez,2016-02-27,1
Colombia-Cesar-La_Gloria,2016-01-09,1
Colombia-Cesar-La_Jagua_De_Ibirico,2016-01-23,1
Colombia-Cesar-La_Paz,2016-01-23,1
Colombia-Cesar-Manaure,2016-01-30,1
Colombia-Cesar-Pailitas,2016-01-23,1
Colombia-Cesar-Pelaya,2016-01-16,1
Colombia-Cesar-Pueblo_Bello,2016-01-23,1
Colombia-Cesar-Rio_De_Oro,2016-01-09,1
Colombia-Cesar-San_Alberto,2016-01-09,1
Colombia-Cesar-San_Diego,2016-01-16,1
Colombia-Cesar-San_Martin,2016-01-30,1
Colombia-Cesar-Tamalameque,2016-01-09,1
Colombia-Cesar-Unknown,2016-01-09,1
Colombia-Cesar-Valledupar,2016-01-09,1
Colombia-Choco-Acandi,2016-02-06,1
Colombia-Choco-Alto_Baudo,2016-01-09,0
Colombia-Choco-Atrato,2016-03-26,1
Colombia-Choco-Bagado,2016-01-09,0
Colombia-Choco-Bahia_Solano,2016-05-21,1
Colombia-Choco-Bajo_Baudo,2016-02-20,1
Colombia-Choco-Belen_De_Bajira,2016-01-09,0
Colombia-Choco-Bojaya,2016-01-09,0
Colombia-Choco-Carmen_Del_Darien,2016-01-09,0
Colombia-Choco-Certegui,2016-02-06,1
Colombia-Choco-Condoto,2016-02-06,1
Colombia-Choco-El_Canton_Del_San_Pablo,2016-01-09,0
Colombia-Choco-El_Carmen_De_Atrato,2016-01-09,0
Colombia-Choco-El_Litoral_Del_San_Juan,2016-01-09,0
Colombia-Choco-Istmina,2016-02-13,1
Colombia-Choco-Jurado,2016-01-09,0
Colombia-Choco-Lloro,2016-01-09,1
Colombia-Choco-Medio_Atrato,2016-01-09,0
Colombia-Choco-Medio_Baudo,2016-03-19,1
Colombia-Choco-Medio_San_Juan,2016-01-09,0
Colombia-Choco-Novita,2016-01-09,0
Colombia-Choco-Nuqui,2016-01-09,0
Colombia-Choco-Quibdo,2016-01-30,1
Colombia-Choco-Rio_Iro,2016-01-09,0
Colombia-Choco-Rio_Quito,2016-01-09,0
Colombia-Choco-Riosucio,2016-01-09,0
Colombia-Choco-San_Jose_Del_Palmar,2016-01-09,0
Colombia-Choco-Sipi,2016-01-09,0
Colombia-Choco-Tado,2016-02-27,1
Colombia-Choco-Unguia,2016-01-30,1
Colombia-Choco-Union_Panamericana,2016-01-09,0
Colombia-Choco-Unknown,2016-01-23,1
Colombia-Cordoba-Ayapel,2016-01-16,1
Colombia-Cordoba-Buenavista,2016-01-23,1
Colombia-Cordoba-Canalete,2016-01-09,1
Colombia-Cordoba-Cerete,2016-01-09,1
Colombia-Cordoba-Chima,2016-01-30,1
Colombia-Cordoba-Chinu,2016-01-09,1
Colombia-Cordoba-Cienaga_De_Oro,2016-01-09,1
Colombia-Cordoba-Cotorra,2016-02-13,1
Colombia-Cordoba-La_Apartada,2016-01-16,1
Colombia-Cordoba-Lorica,2016-01-09,1
Colombia-Cordoba-Los_Cordobas,2016-02-06,1
Colombia-Cordoba-Momil,2016-01-09,1
Colombia-Cordoba-Monitos,2016-02-06,1
Colombia-Cordoba-Montelibano,2016-01-09,1
Colombia-Cordoba-Monteria,2016-01-09,1
Colombia-Cordoba-Planeta_Rica,2016-01-09,1
Colombia-Cordoba-Pueblo_Nuevo,2016-01-30,1
Colombia-Cordoba-Puerto_Escondido,2016-01-09,1
Colombia-Cordoba-Puerto_Libertador,2016-01-30,1
Colombia-Cordoba-Purisima,2016-01-09,1
Colombia-Cordoba-Sahagun,2016-01-09,1
Colombia-Cordoba-San_Andres_Sotavento,2016-01-09,1
Colombia-Cordoba-San_Antero,2016-01-09,1
Colombia-Cordoba-San_Bernardo_Del_Viento,2016-01-09,1
Colombia-Cordoba-San_Carlos,2016-01-09,1
Colombia-Cordoba-San_Jose_De_Ure,2016-01-16,1
Colombia-Cordoba-San_Pelayo,2016-01-09,1
Colombia-Cordoba-Tierralta,2016-01-09,1
Colombia-Cordoba-Tuchin,2016-01-09,1
Colombia-Cordoba-Unknown,2016-01-09,1
Colombia-Cordoba-Valencia,2016-01-09,1
Colombia-Cundinamarca-Agua_De_Dios,2016-01-09,1
Colombia-Cundinamarca-Alban,2016-01-09,0
Colombia-Cundinamarca-Anapoima,2016-01-09,1
Colombia-Cundinamarca-Anolaima,2016-01-09,1
Colombia-Cundinamarca-Apulo,2016-01-09,1
Colombia-Cundinamarca-Arbelaez,2016-02-20,1
Colombia-Cundinamarca-Beltran,2016-01-09,1
Colombia-Cundinamarca-Bituima,2016-04-30,1
Colombia-Cundinamarca-Bojaca,2016-01-09,0
Colombia-Cundinamarca-Cabrera,2016-04-23,1
Colombia-Cundinamarca-Cachipay,2016-01-16,1
Colombia-Cundinamarca-Cajica,2016-01-09,0
Colombia-Cundinamarca-Caparrapi,2016-01-23,1
Colombia-Cundinamarca-Caqueza,2016-01-09,1
Colombia-Cundinamarca-Carmen_De_Carupa,2016-01-09,0
Colombia-Cundinamarca-Chaguani,2016-02-13,1
Colombia-Cundinamarca-Chia,2016-01-23,1
Colombia-Cundinamarca-Chipaque,2016-03-26,1
Colombia-Cundinamarca-Choachi,2016-04-09,1
Colombia-Cundinamarca-Choconta,2016-01-09,0
Colombia-Cundinamarca-Cogua,2016-01-09,0
Colombia-Cundinamarca-Cota,2016-03-12,1
Colombia-Cundinamarca-Cucunuba,2016-01-09,0
Colombia-Cundinamarca-El_Colegio,2016-01-09,1
Colombia-Cundinamarca-El_Penon,2016-01-09,1
Colombia-Cundinamarca-El_Rosal,2016-01-09,0
Colombia-Cundinamarca-Facatativa,2016-01-30,1
Colombia-Cundinamarca-Fomeque,2016-01-09,0
Colombia-Cundinamarca-Fosca,2016-01-09,0
Colombia-Cundinamarca-Funza,2016-05-14,1
Colombia-Cundinamarca-Fuquene,2016-01-09,0
Colombia-Cundinamarca-Fusagasuga,2016-01-09,1
Colombia-Cundinamarca-Gachala,2016-01-23,1
Colombia-Cundinamarca-Gachancipa,2016-01-09,0
Colombia-Cundinamarca-Gacheta,2016-05-14,1
Colombia-Cundinamarca-Gama,2016-01-09,0
Colombia-Cundinamarca-Girardot,2016-01-09,1
Colombia-Cundinamarca-Granada,2016-01-23,1
Colombia-Cundinamarca-Guacheta,2016-02-06,1
Colombia-Cundinamarca-Guaduas,2016-01-09,1
Colombia-Cundinamarca-Guasca,2016-01-09,0
Colombia-Cundinamarca-Guataqui,2016-01-09,1
Colombia-Cundinamarca-Guatavita,2016-01-09,0
Colombia-Cundinamarca-Guayabal_De_Siquima,2016-02-06,1
Colombia-Cundinamarca-Guayabetal,2016-03-12,1
Colombia-Cundinamarca-Gutierrez,2016-01-09,0
Colombia-Cundinamarca-Jerusalen,2016-01-09,1
Colombia-Cundinamarca-Junin,2016-01-09,0
Colombia-Cundinamarca-La_Calera,2016-02-20,1
Colombia-Cundinamarca-La_Mesa,2016-01-09,1
Colombia-Cundinamarca-La_Palma,2016-01-09,1
Colombia-Cundinamarca-La_Pena,2016-01-09,1
Colombia-Cundinamarca-La_Vega,2016-01-09,1
Colombia-Cundinamarca-Lenguazaque,2016-01-09,0
Colombia-Cundinamarca-Macheta,2016-03-05,1
Colombia-Cundinamarca-Madrid,2016-02-13,1
Colombia-Cundinamarca-Manta,2016-01-09,0
Colombia-Cundinamarca-Medina,2016-03-05,1
Colombia-Cundinamarca-Mosquera,2016-01-23,1
Colombia-Cundinamarca-Narino,2016-01-09,1
Colombia-Cundinamarca-Nemocon,2016-01-09,0
Colombia-Cundinamarca-Nilo,2016-01-09,1
Colombia-Cundinamarca-Nimaima,2016-01-16,1
Colombia-Cundinamarca-Nocaima,2016-01-09,1
Colombia-Cundinamarca-Pacho,2016-01-09,1
Colombia-Cundinamarca-Paime,2016-01-16,1
Colombia-Cundinamarca-Pandi,2016-01-09,1
Colombia-Cundinamarca-Paratebueno,2016-01-30,1
Colombia-Cundinamarca-Pasca,2016-01-09,0
Colombia-Cundinamarca-Puerto_Salgar,2016-01-09,1
Colombia-Cundinamarca-Puli,2016-01-23,1
Colombia-Cundinamarca-Quebradanegra,2016-02-13,1
Colombia-Cundinamarca-Quetame,2016-02-06,1
Colombia-Cundinamarca-Quipile,2016-01-09,1
Colombia-Cundinamarca-Ricaurte,2016-01-09,1
Colombia-Cundinamarca-San_Antonio_Del_Tequendama,2016-01-23,1
Colombia-Cundinamarca-San_Bernardo,2016-01-16,1
Colombia-Cundinamarca-San_Cayetano,2016-01-09,0
Colombia-Cundinamarca-San_Francisco,2016-01-09,1
Colombia-Cundinamarca-San_Juan_De_Rio_Seco,2016-01-30,1
Colombia-Cundinamarca-Sasaima,2016-01-09,1
Colombia-Cundinamarca-Sesquile,2016-03-05,1
Colombia-Cundinamarca-Sibate,2016-01-09,0
Colombia-Cundinamarca-Silvania,2016-01-09,1
Colombia-Cundinamarca-Simijaca,2016-01-09,0
Colombia-Cundinamarca-Soacha,2016-01-23,1
Colombia-Cundinamarca-Sopo,2016-01-09,0
Colombia-Cundinamarca-Subachoque,2016-01-09,0
Colombia-Cundinamarca-Suesca,2016-01-09,0
Colombia-Cundinamarca-Supata,2016-01-09,0
Colombia-Cundinamarca-Susa,2016-01-09,0
Colombia-Cundinamarca-Sutatausa,2016-01-09,0
Colombia-Cundinamarca-Tabio,2016-01-09,1
Colombia-Cundinamarca-Tausa,2016-01-09,0
Colombia-Cundinamarca-Tena,2016-01-09,1
Colombia-Cundinamarca-Tenjo,2016-01-09,0
Colombia-Cundinamarca-Tibacuy,2016-01-23,1
Colombia-Cundinamarca-Tibirita,2016-01-09,0
Colombia-Cundinamarca-Tocaima,2016-01-09,1
Colombia-Cundinamarca-Tocancipa,2016-01-09,0
Colombia-Cundinamarca-Topaipi,2016-01-09,1
Colombia-Cundinamarca-Ubala,2016-01-16,1
Colombia-Cundinamarca-Ubaque,2016-01-09,0
Colombia-Cundinamarca-Une,2016-06-11,1
Colombia-Cundinamarca-Unknown,2016-01-09,1
Colombia-Cundinamarca-Utica,2016-01-09,1
Colombia-Cundinamarca-Venecia,2016-06-18,1
Colombia-Cundinamarca-Vergara,2016-02-13,1
Colombia-Cundinamarca-Viani,2016-01-09,1
Colombia-Cundinamarca-Villa_De_San_Diego_De_Ubate,2016-01-16,1
Colombia-Cundinamarca-Villagomez,2016-02-06,1
Colombia-Cundinamarca-Villapinzon,2016-01-30,1
Colombia-Cundinamarca-Villeta,2016-01-09,1
Colombia-Cundinamarca-Viota,2016-01-09,1
Colombia-Cundinamarca-Yacopi,2016-02-13,1
Colombia-Cundinamarca-Zipacon,2016-01-09,0
Colombia-Cundinamarca-Zipaquira,2016-01-09,1
Colombia-Desconocido-Desconocido,2016-01-30,1
Colombia-Guainia-Barranco_Minas,2016-01-09,0
Colombia-Guainia-Cacahual,2016-01-09,0
Colombia-Guainia-Inirida,2016-01-09,1
Colombia-Guainia-La_Guadalupe,2016-01-09,0
Colombia-Guainia-Mapiripana,2016-01-09,0
Colombia-Guainia-Morichal,2016-01-09,0
Colombia-Guainia-Pana_Pana,2016-01-09,0
Colombia-Guainia-Puerto_Colombia,2016-01-09,0
Colombia-Guainia-San_Felipe,2016-01-09,0
Colombia-Guainia-Unknown,2016-03-12,1
Colombia-Guajira-Albania,2016-01-09,1
Colombia-Guajira-Barrancas,2016-01-09,1
Colombia-Guajira-Dibulla,2016-01-16,1
Colombia-Guajira-Distraccion,2016-01-09,1
Colombia-Guajira-El_Molino,2016-01-09,1
Colombia-Guajira-Fonseca,2016-01-09,1
Colombia-Guajira-Hatonuevo,2016-02-13,1
Colombia-Guajira-La_Jagua_Del_Pilar,2016-01-09,0
Colombia-Guajira-Maicao,2016-01-09,1
Colombia-Guajira-Manaure,2016-01-09,1
Colombia-Guajira-Riohacha,2016-01-09,1
Colombia-Guajira-San_Juan_Del_Cesar,2016-01-09,1
Colombia-Guajira-Unknown,2016-01-09,1
Colombia-Guajira-Uribia,2016-01-09,1
Colombia-Guajira-Urumita,2016-01-16,1
Colombia-Guajira-Villanueva,2016-01-09,1
Colombia-Guaviare-Calamar,2016-03-19,1
Colombia-Guaviare-El_Retorno,2016-01-09,1
Colombia-Guaviare-Miraflores,2016-04-02,1
Colombia-Guaviare-San_Jose_Del_Guaviare,2016-01-09,1
Colombia-Guaviare-Unknown,2016-03-19,1
Colombia-Huila-Acevedo,2016-01-23,1
Colombia-Huila-Agrado,2016-01-23,1
Colombia-Huila-Aipe,2016-01-09,1
Colombia-Huila-Algeciras,2016-01-09,1
Colombia-Huila-Altamira,2016-02-06,1
Colombia-Huila-Baraya,2016-01-09,1
Colombia-Huila-Campoalegre,2016-01-09,1
Colombia-Huila-Colombia,2016-01-09,1
Colombia-Huila-Elias,2016-02-13,1
Colombia-Huila-Garzon,2016-01-09,1
Colombia-Huila-Gigante,2016-01-09,1
Colombia-Huila-Guadalupe,2016-01-09,1
Colombia-Huila-Hobo,2016-01-09,1
Colombia-Huila-Iquira,2016-01-09,1
Colombia-Huila-Isnos,2016-01-09,1
Colombia-Huila-La_Argentina,2016-02-20,1
Colombia-Huila-La_Plata,2016-01-09,1
Colombia-Huila-Nataga,2016-01-23,1
Colombia-Huila-Neiva,2016-01-09,1
Colombia-Huila-Oporapa,2016-02-20,1
Colombia-Huila-Paicol,2016-02-06,1
Colombia-Huila-Palermo,2016-01-09,1
Colombia-Huila-Palestina,2016-01-30,1
Colombia-Huila-Pital,2016-01-16,1
Colombia-Huila-Pitalito,2016-01-09,1
Colombia-Huila-Rivera,2016-01-09,1
Colombia-Huila-Saladoblanco,2016-01-09,0
Colombia-Huila-San_Agustin,2016-02-06,1
Colombia-Huila-Santa_Maria,2016-01-23,1
Colombia-Huila-Suaza,2016-01-23,1
Colombia-Huila-Tarqui,2016-01-09,1
Colombia-Huila-Tello,2016-01-09,1
Colombia-Huila-Teruel,2016-01-30,1
Colombia-Huila-Tesalia,2016-01-23,1
Colombia-Huila-Timana,2016-01-23,1
Colombia-Huila-Unknown,2016-01-09,1
Colombia-Huila-Villavieja,2016-01-09,1
Colombia-Huila-Yaguara,2016-01-09,1
Colombia-Magdalena-Algarrobo,2016-01-30,1
Colombia-Magdalena-Aracataca,2016-01-09,1
Colombia-Magdalena-Ariguani,2016-01-30,1
Colombia-Magdalena-Cerro_San_Antonio,2016-05-28,1
Colombia-Magdalena-Chibolo,2016-01-09,1
Colombia-Magdalena-Cienaga,2016-01-09,1
Colombia-Magdalena-Concordia,2016-02-20,1
Colombia-Magdalena-El_Banco,2016-01-09,1
Colombia-Magdalena-El_Pinon,2016-01-09,1
Colombia-Magdalena-El_Reten,2016-01-30,1
Colombia-Magdalena-Fundacion,2016-01-09,1
Colombia-Magdalena-Guamal,2016-01-09,1
Colombia-Magdalena-Nueva_Granada,2016-01-09,1
Colombia-Magdalena-Pedraza,2016-01-09,0
Colombia-Magdalena-Pijino_Del_Carmen,2016-01-30,1
Colombia-Magdalena-Pivijay,2016-01-09,1
Colombia-Magdalena-Plato,2016-01-09,1
Colombia-Magdalena-Puebloviejo,2016-01-09,1
Colombia-Magdalena-Remolino,2016-01-09,0
Colombia-Magdalena-Sabanas_De_San_Angel,2016-01-09,1
Colombia-Magdalena-Salamina,2016-01-23,1
Colombia-Magdalena-San_Sebastian_De_Buenavista,2016-01-30,1
Colombia-Magdalena-San_Zenon,2016-01-09,1
Colombia-Magdalena-Santa_Ana,2016-01-09,1
Colombia-Magdalena-Santa_Barbara_De_Pinto,2016-01-09,1
Colombia-Magdalena-Sitionuevo,2016-01-09,1
Colombia-Magdalena-Tenerife,2016-01-09,1
Colombia-Magdalena-Unknown,2016-01-09,1
Colombia-Magdalena-Zapayan,2016-01-09,1
Colombia-Magdalena-Zona_Bananera,2016-01-09,1
Colombia-Meta-Acacias,2016-01-09,1
Colombia-Meta-Barranca_De_Upia,2016-02-20,1
Colombia-Meta-Cabuyaro,2016-01-16,1
Colombia-Meta-Castilla_La_Nueva,2016-01-30,1
Colombia-Meta-Cubarral,2016-01-30,1
Colombia-Meta-Cumaral,2016-01-16,1
Colombia-Meta-El_Calvario,2016-01-09,0
Colombia-Meta-El_Castillo,2016-02-06,1
Colombia-Meta-El_Dorado,2016-02-20,1
Colombia-Meta-Fuente_De_Oro,2016-01-23,1
Colombia-Meta-Granada,2016-01-16,1
Colombia-Meta-Guamal,2016-01-09,1
Colombia-Meta-La_Macarena,2016-02-20,1
Colombia-Meta-Lejanias,2016-03-19,1
Colombia-Meta-Mapiripan,2016-02-13,1
Colombia-Meta-Mesetas,2016-02-13,1
Colombia-Meta-Puerto_Concordia,2016-04-16,1
Colombia-Meta-Puerto_Gaitan,2016-01-09,1
Colombia-Meta-Puerto_Lleras,2016-01-30,1
Colombia-Meta-Puerto_Lopez,2016-02-13,1
Colombia-Meta-Puerto_Rico,2016-02-06,1
Colombia-Meta-Restrepo,2016-01-09,1
Colombia-Meta-San_Carlos_De_Guaroa,2016-02-06,1
Colombia-Meta-San_Juan_De_Arama,2016-01-23,1
Colombia-Meta-San_Juanito,2016-05-14,1
Colombia-Meta-San_Martin,2016-01-23,1
Colombia-Meta-Unknown,2016-01-09,1
Colombia-Meta-Uribe,2016-04-02,1
Colombia-Meta-Villavicencio,2016-01-09,1
Colombia-Meta-Vistahermosa,2016-01-23,1
Colombia-Narino-Alban,2016-06-11,1
Colombia-Narino-Aldana,2016-01-09,0
Colombia-Narino-Ancuya,2016-01-09,0
Colombia-Narino-Arboleda,2016-01-09,0
Colombia-Narino-Barbacoas,2016-01-23,1
Colombia-Narino-Belen,2016-01-09,0
Colombia-Narino-Buesaco,2016-02-06,1
Colombia-Narino-Chachagui,2016-01-09,0
Colombia-Narino-Colon,2016-01-09,0
Colombia-Narino-Consaca,2016-01-09,0
Colombia-Narino-Contadero,2016-01-09,0
Colombia-Narino-Cordoba,2016-01-09,0
Colombia-Narino-Cuaspud,2016-01-09,0
Colombia-Narino-Cumbal,2016-01-09,0
Colombia-Narino-Cumbitara,2016-01-09,0
Colombia-Narino-El_Charco,2016-03-12,1
Colombia-Narino-El_Penol,2016-01-09,0
Colombia-Narino-El_Rosario,2016-06-04,1
Colombia-Narino-El_Tablon_De_Gomez,2016-01-09,0
Colombia-Narino-El_Tambo,2016-01-09,0
Colombia-Narino-Francisco_Pizarro,2016-02-13,1
Colombia-Narino-Funes,2016-01-09,0
Colombia-Narino-Guachucal,2016-01-09,0
Colombia-Narino-Guaitarilla,2016-05-28,1
Colombia-Narino-Gualmatan,2016-01-09,0
Colombia-Narino-Iles,2016-01-09,0
Colombia-Narino-Imues,2016-01-09,0
Colombia-Narino-Ipiales,2016-01-23,1
Colombia-Narino-La_Cruz,2016-01-09,0
Colombia-Narino-La_Florida,2016-01-09,0
Colombia-Narino-La_Llanada,2016-01-09,0
Colombia-Narino-La_Tola,2016-05-14,1
Colombia-Narino-La_Union,2016-01-09,0
Colombia-Narino-Leiva,2016-01-09,0
Colombia-Narino-Linares,2016-01-09,0
Colombia-Narino-Los_Andes,2016-01-09,0
Colombia-Narino-Magsi,2016-01-09,0
Colombia-Narino-Mallama,2016-01-09,0
Colombia-Narino-Mosquera,2016-01-09,0
Colombia-Narino-Narino,2016-02-06,1
Colombia-Narino-Olaya_Herrera,2016-01-09,0
Colombia-Narino-Ospina,2016-01-09,0
Colombia-Narino-Pasto,2016-02-13,1
Colombia-Narino-Policarpa,2016-03-19,1
Colombia-Narino-Potosi,2016-01-09,0
Colombia-Narino-Providencia,2016-02-06,1
Colombia-Narino-Puerres,2016-03-26,1
Colombia-Narino-Pupiales,2016-01-09,0
Colombia-Narino-Ricaurte,2016-01-09,0
Colombia-Narino-Roberto_Payan,2016-01-09,0
Colombia-Narino-Samaniego,2016-01-09,0
Colombia-Narino-San_Andres_De_Tumaco,2016-01-09,1
Colombia-Narino-San_Bernardo,2016-01-09,0
Colombia-Narino-San_Lorenzo,2016-03-19,1
Colombia-Narino-San_Pablo,2016-04-30,1
Colombia-Narino-San_Pedro_De_Cartago,2016-04-02,1
Colombia-Narino-Sandona,2016-02-13,1
Colombia-Narino-Santa_Barbara,2016-01-09,1
Colombia-Narino-Santacruz,2016-01-09,0
Colombia-Narino-Sapuyes,2016-01-09,0
Colombia-Narino-Taminango,2016-01-09,1
Colombia-Narino-Tangua,2016-01-09,0
Colombia-Narino-Tuquerres,2016-01-09,0
Colombia-Narino-Unknown,2016-03-26,1
Colombia-Narino-Yacuanquer,2016-02-06,1
Colombia-Norte_Santander-Abrego,2016-01-09,1
Colombia-Norte_Santander-Arboledas,2016-01-09,1
Colombia-Norte_Santander-Bochalema,2016-01-09,1
Colombia-Norte_Santander-Bucarasica,2016-01-09,1
Colombia-Norte_Santander-Cachira,2016-01-09,1
Colombia-Norte_Santander-Cacota,2016-01-09,0
Colombia-Norte_Santander-Chinacota,2016-01-09,1
Colombia-Norte_Santander-Chitaga,2016-01-09,1
Colombia-Norte_Santander-Convencion,2016-01-30,1
Colombia-Norte_Santander-Cucuta,2016-01-09,1
Colombia-Norte_Santander-Cucutilla,2016-02-06,1
Colombia-Norte_Santander-Durania,2016-01-09,1
Colombia-Norte_Santander-El_Carmen,2016-01-30,1
Colombia-Norte_Santander-El_Tarra,2016-01-09,1
Colombia-Norte_Santander-El_Zulia,2016-01-09,1
Colombia-Norte_Santander-Gramalote,2016-01-09,1
Colombia-Norte_Santander-Hacari,2016-01-09,1
Colombia-Norte_Santander-Herran,2016-02-27,1
Colombia-Norte_Santander-La_Esperanza,2016-01-23,1
Colombia-Norte_Santander-La_Playa,2016-02-13,1
Colombia-Norte_Santander-Labateca,2016-01-09,1
Colombia-Norte_Santander-Los_Patios,2016-01-09,1
Colombia-Norte_Santander-Lourdes,2016-02-06,1
Colombia-Norte_Santander-Mutiscua,2016-02-27,1
Colombia-Norte_Santander-Ocana,2016-01-09,1
Colombia-Norte_Santander-Pamplona,2016-01-09,1
Colombia-Norte_Santander-Pamplonita,2016-01-23,1
Colombia-Norte_Santander-Puerto_Santander,2016-01-09,1
Colombia-Norte_Santander-Ragonvalia,2016-01-09,1
Colombia-Norte_Santander-Salazar,2016-01-09,1
Colombia-Norte_Santander-San_Calixto,2016-01-09,1
Colombia-Norte_Santander-San_Cayetano,2016-01-09,1
Colombia-Norte_Santander-Santiago,2016-01-09,1
Colombia-Norte_Santander-Sardinata,2016-01-09,1
Colombia-Norte_Santander-Silos,2016-01-09,0
Colombia-Norte_Santander-Teorama,2016-01-09,1
Colombia-Norte_Santander-Tibu,2016-01-09,1
Colombia-Norte_Santander-Toledo,2016-01-23,1
Colombia-Norte_Santander-Unknown,2016-01-09,1
Colombia-Norte_Santander-Villa_Caro,2016-02-06,1
Colombia-Norte_Santander-Villa_Del_Rosario,2016-01-09,1
Colombia-Putumayo-Colon,2016-06-18,1
Colombia-Putumayo-Leguizamo,2016-02-06,1
Colombia-Putumayo-Mocoa,2016-01-09,1
Colombia-Putumayo-Orito,2016-01-09,1
Colombia-Putumayo-Puerto_Asis,2016-01-09,1
Colombia-Putumayo-Puerto_Caicedo,2016-01-09,1
Colombia-Putumayo-Puerto_Guzman,2016-01-09,1
Colombia-Putumayo-San_Francisco,2016-06-18,1
Colombia-Putumayo-San_Miguel,2016-01-09,1
Colombia-Putumayo-Santiago,2016-06-18,1
Colombia-Putumayo-Sibundoy,2016-01-09,0
Colombia-Putumayo-Unknown,2016-01-09,1
Colombia-Putumayo-Valle_Del_Guamuez,2016-01-09,1
Colombia-Putumayo-Villagarzon,2016-01-09,1
Colombia-Quindio-Armenia,2016-01-09,1
Colombia-Quindio-Buenavista,2016-03-19,1
Colombia-Quindio-Calarca,2016-02-27,1
Colombia-Quindio-Circasia,2016-01-30,1
Colombia-Quindio-Cordoba,2016-01-16,1
Colombia-Quindio-Filandia,2016-02-06,1
Colombia-Quindio-Genova,2016-01-09,0
Colombia-Quindio-La_Tebaida,2016-01-23,1
Colombia-Quindio-Montenegro,2016-01-16,1
Colombia-Quindio-Pijao,2016-01-09,0
Colombia-Quindio-Quimbaya,2016-01-16,1
Colombia-Quindio-Salento,2016-01-09,0
Colombia-Quindio-Unknown,2016-01-23,1
Colombia-Risaralda-Apia,2016-04-02,1
Colombia-Risaralda-Balboa,2016-01-09,1
Colombia-Risaralda-Belen_De_Umbria,2016-01-09,1
Colombia-Risaralda-Dosquebradas,2016-01-09,1
Colombia-Risaralda-Guatica,2016-01-09,0
Colombia-Risaralda-La_Celia,2016-01-09,1
Colombia-Risaralda-La_Virginia,2016-01-09,1
Colombia-Risaralda-Marsella,2016-01-09,1
Colombia-Risaralda-Mistrato,2016-01-09,1
Colombia-Risaralda-Pereira,2016-01-09,1
Colombia-Risaralda-Pueblo_Rico,2016-01-09,1
Colombia-Risaralda-Quinchia,2016-02-20,1
Colombia-Risaralda-Santa_Rosa_De_Cabal,2016-01-09,1
Colombia-Risaralda-Santuario,2016-01-09,1
Colombia-Risaralda-Unknown,2016-05-21,1
Colombia-San_Andres-Providencia,2016-01-09,1
Colombia-San_Andres-San_Andres,2016-01-09,1
Colombia-San_Andres-Unknown,2016-01-09,1
Colombia-Santander-Aguada,2016-01-09,0
Colombia-Santander-Albania,2016-01-09,0
Colombia-Santander-Aratoca,2016-04-02,1
Colombia-Santander-Barbosa,2016-01-09,1
Colombia-Santander-Barichara,2016-01-30,1
Colombia-Santander-Barrancabermeja,2016-01-09,1
Colombia-Santander-Betulia,2016-03-12,1
Colombia-Santander-Bolivar,2016-01-09,0
Colombia-Santander-Bucaramanga,2016-01-09,1
Colombia-Santander-Cabrera,2016-01-09,0
Colombia-Santander-California,2016-01-09,0
Colombia-Santander-Capitanejo,2016-01-09,1
Colombia-Santander-Carcasi,2016-01-09,0
Colombia-Santander-Cepita,2016-04-16,1
Colombia-Santander-Cerrito,2016-04-09,1
Colombia-Santander-Charala,2016-02-06,1
Colombia-Santander-Charta,2016-05-28,1
Colombia-Santander-Chima,2016-01-09,0
Colombia-Santander-Chipata,2016-01-09,0
Colombia-Santander-Cimitarra,2016-01-09,1
Colombia-Santander-Concepcion,2016-01-30,1
Colombia-Santander-Confines,2016-01-09,0
Colombia-Santander-Contratacion,2016-01-30,1
Colombia-Santander-Coromoro,2016-05-21,1
Colombia-Santander-Curiti,2016-02-06,1
Colombia-Santander-El_Carmen_De_Chucuri,2016-03-26,1
Colombia-Santander-El_Guacamayo,2016-01-09,0
Colombia-Santander-El_Penon,2016-01-09,0
Colombia-Santander-El_Playon,2016-01-30,1
Colombia-Santander-Encino,2016-01-09,0
Colombia-Santander-Enciso,2016-01-09,0
Colombia-Santander-Florian,2016-01-09,0
Colombia-Santander-Floridablanca,2016-01-09,1
Colombia-Santander-Galan,2016-03-26,1
Colombia-Santander-Gambita,2016-05-07,1
Colombia-Santander-Giron,2016-01-23,1
Colombia-Santander-Gsepsa,2016-02-06,1
Colombia-Santander-Guaca,2016-03-05,1
Colombia-Santander-Guadalupe,2016-02-20,1
Colombia-Santander-Guapota,2016-01-09,0
Colombia-Santander-Guavata,2016-03-19,1
Colombia-Santander-Hato,2016-01-09,0
Colombia-Santander-Jesus_Maria,2016-02-06,1
Colombia-Santander-Jordan,2016-06-25,1
Colombia-Santander-La_Belleza,2016-02-06,1
Colombia-Santander-La_Paz,2016-02-27,1
Colombia-Santander-Landazuri,2016-01-09,0
Colombia-Santander-Lebrija,2016-01-09,1
Colombia-Santander-Los_Santos,2016-02-06,1
Colombia-Santander-Macaravita,2016-01-09,0
Colombia-Santander-Malaga,2016-02-20,1
Colombia-Santander-Matanza,2016-02-13,1
Colombia-Santander-Mogotes,2016-01-09,0
Colombia-Santander-Molagavita,2016-04-09,1
Colombia-Santander-Ocamonte,2016-01-09,0
Colombia-Santander-Oiba,2016-01-23,1
Colombia-Santander-Onzaga,2016-04-30,1
Colombia-Santander-Palmar,2016-01-09,1
Colombia-Santander-Palmas_Del_Socorro,2016-02-27,1
Colombia-Santander-Paramo,2016-01-30,1
Colombia-Santander-Piedecuesta,2016-01-09,1
Colombia-Santander-Pinchote,2016-03-05,1
Colombia-Santander-Puente_Nacional,2016-01-16,1
Colombia-Santander-Puerto_Parra,2016-03-05,1
Colombia-Santander-Puerto_Wilches,2016-01-16,1
Colombia-Santander-Rionegro,2016-02-06,1
Colombia-Santander-Sabana_De_Torres,2016-01-09,1
Colombia-Santander-San_Andres,2016-01-09,1
Colombia-Santander-San_Benito,2016-03-05,1
Colombia-Santander-San_Gil,2016-01-16,1
Colombia-Santander-San_Joaquin,2016-01-30,1
Colombia-Santander-San_Jose_De_Miranda,2016-04-16,1
Colombia-Santander-San_Miguel,2016-01-09,1
Colombia-Santander-San_Vicente_De_Chucuri,2016-01-09,1
Colombia-Santander-Santa_Barbara,2016-01-09,0
Colombia-Santander-Santa_Helena_Del_Opon,2016-06-18,1
Colombia-Santander-Simacota,2016-01-30,1
Colombia-Santander-Socorro,2016-01-09,1
Colombia-Santander-Suaita,2016-01-09,1
Colombia-Santander-Sucre,2016-03-12,1
Colombia-Santander-Surata,2016-01-09,0
Colombia-Santander-Tona,2016-06-04,1
Colombia-Santander-Unknown,2016-01-23,1
Colombia-Santander-Valle_De_San_Jose,2016-02-20,1
Colombia-Santander-Velez,2016-02-06,1
Colombia-Santander-Vetas,2016-01-09,0
Colombia-Santander-Villanueva,2016-01-09,0
Colombia-Santander-Zapatoca,2016-02-20,1
Colombia-Sta_Marta_D.E.-Santa_Marta,2016-01-09,1
Colombia-Sucre-Buenavista,2016-01-09,1
Colombia-Sucre-Caimito,2016-01-09,0
Colombia-Sucre-Chalan,2016-01-23,1
Colombia-Sucre-Coloso,2016-01-09,1
Colombia-Sucre-Corozal,2016-01-09,1
Colombia-Sucre-Covenas,2016-01-09,1
Colombia-Sucre-El_Roble,2016-01-09,1
Colombia-Sucre-Galeras,2016-02-06,1
Colombia-Sucre-Guaranda,2016-02-06,1
Colombia-Sucre-La_Union,2016-01-09,1
Colombia-Sucre-Los_Palmitos,2016-01-09,1
Colombia-Sucre-Majagual,2016-01-16,1
Colombia-Sucre-Morroa,2016-01-09,1
Colombia-Sucre-Ovejas,2016-01-09,1
Colombia-Sucre-Palmito,2016-01-09,1
Colombia-Sucre-Sampues,2016-01-09,1
Colombia-Sucre-San_Benito_Abad,2016-01-30,1
Colombia-Sucre-San_Juan_De_Betulia,2016-01-09,1
Colombia-Sucre-San_Luis_De_Since,2016-01-09,1
Colombia-Sucre-San_Marcos,2016-01-09,1
Colombia-Sucre-San_Onofre,2016-01-09,1
Colombia-Sucre-San_Pedro,2016-01-09,1
Colombia-Sucre-Santiago_De_Tolu,2016-01-09,1
Colombia-Sucre-Sincelejo,2016-01-09,1
Colombia-Sucre-Sucre,2016-01-09,1
Colombia-Sucre-Tolu,2016-02-13,1
Colombia-Sucre-Tolu_Viejo,2016-01-09,1
Colombia-Sucre-Toluviejo,2016-02-13,1
Colombia-Sucre-Unknown,2016-01-09,1
Colombia-Tolima-Alpujarra,2016-01-09,1
Colombia-Tolima-Alvarado,2016-01-09,1
Colombia-Tolima-Ambalema,2016-01-09,1
Colombia-Tolima-Anzoategui,2016-01-09,1
Colombia-Tolima-Armero,2016-01-16,1
Colombia-Tolima-Armero_(Guayabal),2016-02-13,1
Colombia-Tolima-Ataco,2016-01-16,1
Colombia-Tolima-Cajamarca,2016-02-20,1
Colombia-Tolima-Carmen_De_Apicala,2016-01-09,1
Colombia-Tolima-Casabianca,2016-06-18,1
Colombia-Tolima-Chaparral,2016-01-09,1
Colombia-Tolima-Coello,2016-01-09,1
Colombia-Tolima-Coyaima,2016-01-09,1
Colombia-Tolima-Cunday,2016-01-16,1
Colombia-Tolima-Dolores,2016-01-23,1
Colombia-Tolima-Espinal,2016-01-09,1
Colombia-Tolima-Falan,2016-01-30,1
Colombia-Tolima-Flandes,2016-01-09,1
Colombia-Tolima-Fresno,2016-01-30,1
Colombia-Tolima-Guamo,2016-01-09,1
Colombia-Tolima-Herveo,2016-02-27,1
Colombia-Tolima-Honda,2016-01-09,1
Colombia-Tolima-Ibague,2016-01-09,1
Colombia-Tolima-Icononzo,2016-01-16,1
Colombia-Tolima-Lerida,2016-01-09,1
Colombia-Tolima-Libano,2016-01-16,1
Colombia-Tolima-Mariquita,2016-01-09,1
Colombia-Tolima-Melgar,2016-01-09,1
Colombia-Tolima-Murillo,2016-06-18,1
Colombia-Tolima-Natagaima,2016-01-09,1
Colombia-Tolima-Ortega,2016-01-09,1
Colombia-Tolima-Palocabildo,2016-01-30,1
Colombia-Tolima-Piedras,2016-01-09,1
Colombia-Tolima-Planadas,2016-01-09,1
Colombia-Tolima-Prado,2016-01-09,1
Colombia-Tolima-Purificacion,2016-01-09,1
Colombia-Tolima-Rioblanco,2016-02-20,1
Colombia-Tolima-Roncesvalles,2016-01-09,0
Colombia-Tolima-Rovira,2016-01-30,1
Colombia-Tolima-Saldana,2016-01-09,1
Colombia-Tolima-San_Antonio,2016-01-09,1
Colombia-Tolima-San_Luis,2016-01-09,1
Colombia-Tolima-Santa_Isabel,2016-04-09,1
Colombia-Tolima-Suarez,2016-01-16,1
Colombia-Tolima-Unknown,2016-01-09,1
Colombia-Tolima-Valle_De_San_Juan,2016-01-09,1
Colombia-Tolima-Venadillo,2016-01-09,1
Colombia-Tolima-Villahermosa,2016-01-09,1
Colombia-Tolima-Villarrica,2016-02-20,1
Colombia-Valle_Del_Cauca-Alcala,2016-01-16,1
Colombia-Valle_Del_Cauca-Andalucia,2016-01-23,1
Colombia-Valle_Del_Cauca-Ansermanuevo,2016-01-09,1
Colombia-Valle_Del_Cauca-Argelia,2016-03-05,1
Colombia-Valle_Del_Cauca-Bolivar,2016-02-06,1
Colombia-Valle_Del_Cauca-Buenaventura,2016-01-16,1
Colombia-Valle_Del_Cauca-Bugalagrande,2016-01-09,1
Colombia-Valle_Del_Cauca-Caicedonia,2016-01-30,1
Colombia-Valle_Del_Cauca-Cali,2016-01-09,1
Colombia-Valle_Del_Cauca-Calima,2016-02-13,1
Colombia-Valle_Del_Cauca-Candelaria,2016-01-16,1
Colombia-Valle_Del_Cauca-Cartago,2016-01-09,1
Colombia-Valle_Del_Cauca-Dagua,2016-02-20,1
Colombia-Valle_Del_Cauca-El_Aguila,2016-02-06,1
Colombia-Valle_Del_Cauca-El_Cairo,2016-03-05,1
Colombia-Valle_Del_Cauca-El_Cerrito,2016-01-30,1
Colombia-Valle_Del_Cauca-El_Dovio,2016-04-30,1
Colombia-Valle_Del_Cauca-Florida,2016-01-23,1
Colombia-Valle_Del_Cauca-Ginebra,2016-01-23,1
Colombia-Valle_Del_Cauca-Guacari,2016-02-13,1
Colombia-Valle_Del_Cauca-Guadalajara_De_Buga,2016-01-16,1
Colombia-Valle_Del_Cauca-Jamundi,2016-01-23,1
Colombia-Valle_Del_Cauca-La_Cumbre,2016-03-12,1
Colombia-Valle_Del_Cauca-La_Union,2016-01-23,1
Colombia-Valle_Del_Cauca-La_Victoria,2016-02-27,1
Colombia-Valle_Del_Cauca-Obando,2016-02-27,1
Colombia-Valle_Del_Cauca-Palmira,2016-01-09,1
Colombia-Valle_Del_Cauca-Pradera,2016-01-23,1
Colombia-Valle_Del_Cauca-Restrepo,2016-01-30,1
Colombia-Valle_Del_Cauca-Riofrio,2016-01-30,1
Colombia-Valle_Del_Cauca-Roldanillo,2016-01-16,1
Colombia-Valle_Del_Cauca-San_Pedro,2016-02-13,1
Colombia-Valle_Del_Cauca-Sevilla,2016-01-09,1
Colombia-Valle_Del_Cauca-Toro,2016-01-09,1
Colombia-Valle_Del_Cauca-Trujillo,2016-02-13,1
Colombia-Valle_Del_Cauca-Tulua,2016-01-09,1
Colombia-Valle_Del_Cauca-Ulloa,2016-02-13,1
Colombia-Valle_Del_Cauca-Unknown,2016-02-13,1
Colombia-Valle_Del_Cauca-Versalles,2016-01-09,1
Colombia-Valle_Del_Cauca-Vijes,2016-01-16,1
Colombia-Valle_Del_Cauca-Yotoco,2016-01-16,1
Colombia-Valle_Del_Cauca-Yumbo,2016-01-09,1
Colombia-Valle_Del_Cauca-Zarzal,2016-01-30,1
Colombia-Vaupes-Caruru,2016-01-09,0
Colombia-Vaupes-Mitu,2016-02-06,1
Colombia-Vaupes-Pacoa,2016-01-09,0
Colombia-Vaupes-Papunaua,2016-01-09,0
Colombia-Vaupes-Taraira,2016-01-09,0
Colombia-Vaupes-Unknown,2016-01-09,0
Colombia-Vaupes-Yavarate,2016-01-09,0
Colombia-Vichada-Cumaribo,2016-02-13,1
Colombia-Vichada-La_Primavera,2016-01-09,1
Colombia-Vichada-Puerto_Carreno,2016-01-23,1
Colombia-Vichada-Santa_Rosalia,2016-04-02,1
Colombia-Vichada-Unknown,2016-02-27,1
Dominican_Republic,2016-01-23,1
Dominican_Republic-Azua,2016-02-20,1
Dominican_Republic-Azua-Compostela,2016-02-06,1
Dominican_Republic-Baoruco,2016-03-26,1
Dominican_Republic-Barahona,2016-02-13,1
Dominican_Republic-Dajabon,2016-04-30,1
Dominican_Republic-Distrito_Nacional,2016-01-30,1
Dominican_Republic-Duarte,2016-03-19,1
Dominican_Republic-El_Seibo,2016-03-26,1
Dominican_Republic-Elias_Pina,2016-04-30,1
Dominican_Republic-Espaillat,2016-03-12,1
Dominican_Republic-Extranjera,2016-03-26,0
Dominican_Republic-Hato_Mayor,2016-03-26,1
Dominican_Republic-Hermanas_Mirabal,2016-03-12,1
Dominican_Republic-Independencia,2016-02-13,1
Dominican_Republic-Jimani_de_Independencia,2016-01-30,1
Dominican_Republic-La_Altagracia,2016-03-19,1
Dominican_Republic-La_Romana,2016-03-19,1
Dominican_Republic-La_Vega,2016-03-12,1
Dominican_Republic-Luperon-Puerto_Plata,2016-02-06,1
Dominican_Republic-Maria_Trinidad_Sanchez,2016-03-19,1
Dominican_Republic-Monsenor_Nouel,2016-03-26,1
Dominican_Republic-Monte_Cristi,2016-03-12,1
Dominican_Republic-Monte_Plata,2016-03-26,1
Dominican_Republic-Other,2016-02-20,1
Dominican_Republic-Pedernales,2016-03-19,1
Dominican_Republic-Peravia,2016-03-12,1
Dominican_Republic-Puerto_Plata,2016-02-13,1
Dominican_Republic-Samana,2016-04-16,1
Dominican_Republic-San_Cristobal,2016-03-12,1
Dominican_Republic-San_Jose_de_Ocoa,2016-03-26,1
Dominican_Republic-San_Juan,2016-03-26,1
Dominican_Republic-San_Pedro_de_Macoris,2016-03-12,1
Dominican_Republic-Sanchez_Ramirez,2016-03-26,1
Dominican_Republic-Santa_Cruz-Barahona,2016-01-30,1
Dominican_Republic-Santiago,2016-02-13,1
Dominican_Republic-Santiago-Caballeros,2016-02-06,1
Dominican_Republic-Santiago-Rodriguez,2016-04-23,1
Dominican_Republic-Santo_Domingo,2016-02-13,1
Dominican_Republic-Santo_Domingo_Este,2016-02-06,1
Dominican_Republic-Santo_Domingo_Norte,2016-01-30,1
Dominican_Republic-Santo_Domingo_Oeste,2016-02-06,1
Dominican_Republic-Valverde,2016-03-12,1
Ecuador,2016-03-30,1
Ecuador-Azuay-Cuenca,2016-03-30,1
Ecuador-Bolivar,2016-03-30,1
Ecuador-Canar,2016-04-06,1
Ecuador-Carchi,2016-04-13,1
Ecuador-Chimborazo,2016-05-18,1
Ecuador-Chimborazo-Chunchi,2016-03-30,1
Ecuador-Cotopaxi,2016-03-30,1
Ecuador-El_Oro,2016-03-30,1
Ecuador-El_Oro-Machala,2016-03-30,1
Ecuador-El_Oro-Pasaje,2016-03-30,1
Ecuador-El_Oro-Santa_Rosa,2016-06-22,1
Ecuador-Esmeraldas,2016-03-30,1
Ecuador-Esmeraldas-Esmeraldas,2016-03-30,1
Ecuador-Esmeraldas-Quininde,2016-05-25,1
Ecuador-Esmeraldas-San_Lorenzo,2016-06-22,1
Ecuador-Galapagos,2016-03-30,1
Ecuador-Galapagos-Santa_Cruz,2016-03-30,1
Ecuador-Guayas,2016-03-30,1
Ecuador-Guayas-Daule,2016-03-30,1
Ecuador-Guayas-General_Antonio_Elizalde,2016-03-30,1
Ecuador-Guayas-General_Antonio_Elizalde ,2016-05-18,1
Ecuador-Guayas-Guayaquil,2016-03-30,1
Ecuador-Imbabura,2016-04-13,1
Ecuador-Loja,2016-04-06,1
Ecuador-Los_Rios,2016-03-30,1
Ecuador-Los_Rios-Buena_Fe,2016-03-30,1
Ecuador-Los_Rios-Jaramijo,2016-05-18,1
Ecuador-Los_Rios-Quevedo,2016-03-30,1
Ecuador-Los_Rios-Ventanas,2016-03-30,1
Ecuador-Los_Rios-Vinces,2016-03-30,1
Ecuador-Manabi,2016-03-30,1
Ecuador-Manabi-24_de_Mayo,2016-06-22,1
Ecuador-Manabi-Jaramijo,2016-06-01,1
Ecuador-Manabi-Jipijapa,2016-06-15,1
Ecuador-Manabi-Manta,2016-03-30,1
Ecuador-Manabi-Montecristi,2016-04-27,1
Ecuador-Manabi-Pedernales,2016-03-30,1
Ecuador-Manabi-Portoviejo,2016-03-30,1
Ecuador-Manabi-Rocafuerte,2016-03-30,1
Ecuador-Manabi-San_Vicente,2016-06-22,1
Ecuador-Manabi-Santa_Ana,2016-06-15,1
Ecuador-Manabi-Sucre,2016-06-01,1
Ecuador-Napo,2016-04-06,1
Ecuador-Orellana,2016-03-30,1
Ecuador-Orellana_Joya_de_los_Sachas,2016-03-30,1
Ecuador-Pichincha,2016-03-30,1
Ecuador-Pichincha-Mejia,2016-03-30,1
Ecuador-Pichincha-Quito,2016-03-30,1
Ecuador-Santa_Elena,2016-03-30,1
Ecuador-Santo_Domingo_de_los_Tsachilas,2016-03-30,1
Ecuador-Santo_Domingo_de_los_Tsachilas-La_Concordia,2016-03-30,1
Ecuador-Santo_Domingo_de_los_Tsachilas-Santo_Domingo,2016-03-30,1
Ecuador-Sucumbios,2016-03-30,1
Ecuador-Sucumbios-Shushufindi,2016-03-30,1
Ecuador-Tungurahua,2016-05-18,1
El_Salvador,2015-11-28,1
El_Salvador-Ahuachapan,2015-11-28,1
El_Salvador-Cabanas,2015-11-28,1
El_Salvador-Chalatenango,2015-11-28,1
El_Salvador-Cuscatlan,2015-11-28,1
El_Salvador-Guatemala,2016-01-30,1
El_Salvador-Honduras,2016-04-23,1
El_Salvador-La_Libertad,2015-11-28,1
El_Salvador-La_Paz,2015-11-28,1
El_Salvador-La_Union,2015-11-28,1
El_Salvador-Morazan,2015-11-28,1
El_Salvador-San_Miguel,2015-11-28,1
El_Salvador-San_Salvador,2015-11-28,1
El_Salvador-San_Vicente,2015-11-28,1
El_Salvador-Santa_Ana,2015-11-28,1
El_Salvador-Sonsonate,2015-11-28,1
El_Salvador-Usulutan,2015-11-28,1
Guatemala,2015-12-09,1
Guatemala-Alta_Verapaz,2016-01-14,1
Guatemala-Baja_Verapaz,2016-02-23,1
Guatemala-Central,2016-02-16,1
Guatemala-Chiquimula,2015-12-09,1
Guatemala-El_Progreso,2016-01-26,1
Guatemala-El_Quiche,2016-03-01,1
Guatemala-Escuintla,2015-12-09,1
Guatemala-Ixcan,2016-02-23,1
Guatemala-Izabal,2016-01-14,1
Guatemala-Jalapa,2016-01-14,1
Guatemala-Jutiapa,2015-12-16,1
Guatemala-Nor_Occidente,2016-01-19,1
Guatemala-Nor_Oriente,2015-12-23,1
Guatemala-Peten_Norte,2016-01-14,1
Guatemala-Peten_Sur_Occidental,2016-03-01,1
Guatemala-Peten_Sur_Oriental,2016-01-19,1
Guatemala-Quetzaltenango,2016-01-14,1
Guatemala-Quiche,2016-02-23,1
Guatemala-Retalhuleu,2016-02-02,1
Guatemala-Sacatepequez,2016-02-09,1
Guatemala-San_Marcos,2016-01-14,1
Guatemala-Santa_Rosa,2016-01-26,1
Guatemala-Solola,2016-03-08,1
Guatemala-Suchitepequez,2015-12-09,1
Guatemala-Sur,2016-01-14,1
Guatemala-Zacapa,2015-12-09,1
Haiti,2016-02-03,1
Haiti-Artibonite,2016-02-03,1
Haiti-Artibonite-Desssalines_Marchand,2016-02-03,1
Haiti-Artibonite-Ennery,2016-02-03,1
Haiti-Artibonite-Gonaives,2016-02-03,1
Haiti-Artibonite-Verrettes,2016-02-03,1
Haiti-Centre,2016-02-03,1
Haiti-Centre-Hinche,2016-02-03,1
Haiti-Centre-Maissade,2016-02-03,1
Haiti-Centre-Mirebalais,2016-02-03,1
Haiti-Grande_Anse,2016-02-03,1
Haiti-Grande_Anse-Corail,2016-02-03,1
Haiti-Grande_Anse-Dame_Marie,2016-02-03,1
Haiti-Grande_Anse-Roseaux,2016-02-03,1
Haiti-Nippes,2016-02-03,1
Haiti-Nippes-Fond_Des_Negres,2016-02-03,1
Haiti-Nippes-Miragoane,2016-02-03,1
Haiti-Nord,2016-02-03,1
Haiti-Nord-Cap_Haitien,2016-02-03,1
Haiti-Nord-Limbe,2016-02-03,1
Haiti-Nord-Milot,2016-02-03,1
Haiti-Nord-Pignon,2016-02-03,1
Haiti-Nord-Plaine_du_Nord,2016-02-03,1
Haiti-Nord-Plaisance,2016-02-03,1
Haiti-Nord_Est,2016-02-03,1
Haiti-Nord_Est-Ouanaminthe,2016-02-03,1
Haiti-Nord_Ouest,2016-02-03,1
Haiti-Nord_Ouest-La_Tortue,2016-02-03,1
Haiti-Nord_Ouest-Saint_Louis_du_Nord,2016-02-03,1
Haiti-Ouest,2016-02-03,1
Haiti-Ouest-Carrefour,2016-02-03,1
Haiti-Ouest-Croix_des_Bouquets,2016-02-03,1
Haiti-Ouest-Delmas,2016-02-03,1
Haiti-Ouest-Petion_Ville,2016-02-03,1
Haiti-Ouest-Petit_Goave,2016-02-03,1
Haiti-Ouest-Port_au_Prince,2016-02-03,1
Haiti-Sud,2016-02-03,1
Haiti-Sud-Aquin,2016-02-03,1
Haiti-Sud_Est,2016-02-03,1
Haiti-Sud_Est-Anse_A_Pitres,2016-02-03,1
Haiti-Sud_Est-Cotes_de_Fer,2016-02-03,1
Haiti-Sud_Est-Marigot,2016-02-03,1
Mexico-Aguascalientes,2015-11-28,0
Mexico-Baja_California,2015-11-28,0
Mexico-Baja_California_Sur,2015-11-28,0
Mexico-Campeche,2016-06-11,1
Mexico-Chiapas,2015-11-28,1
Mexico-Chihuahua,2015-11-28,0
Mexico-Coahuila_de_Zaragoza,2015-11-28,0
Mexico-Colima,2016-06-11,1
Mexico-Distrito_Federal,2015-11-28,0
Mexico-Durango,2015-11-28,0
Mexico-Guanajuato,2015-11-28,0
Mexico-Guerrero,2016-01-30,1
Mexico-Hidalgo,2015-11-28,0
Mexico-Jalisco,2016-01-02,1
Mexico-Mexico,2015-11-28,0
Mexico-Michoacan_de_Ocampo,2016-02-13,1
Mexico-Morelos,2015-11-28,0
Mexico-Nayarit,2016-03-05,1
Mexico-Nuevo_Leon,2015-11-28,1
Mexico-Oaxaca,2016-01-23,1
Mexico-Puebla,2015-11-28,0
Mexico-Queretaro_de_Arteaga,2015-11-28,0
Mexico-Quintana_Roo,2016-06-11,1
Mexico-San_Luis_Potosi,2015-11-28,0
Mexico-Sinaloa,2016-01-23,1
Mexico-Sonora,2015-11-28,0
Mexico-Tabasco,2016-03-05,1
Mexico-Tamaulipas,2015-11-28,0
Mexico-Tlaxcala,2015-11-28,0
Mexico-Veracruz_de_Ignacio_de_la_Llave,2016-01-30,1
Mexico-Yucatan,2016-01-30,1
Mexico-Zacatecas,2015-11-28,0
Nicaragua,2016-02-09,1
Nicaragua-Carazo,2016-05-05,1
Nicaragua-Chinandega,2016-02-11,1
Nicaragua-Chinandega-San_Pedro_del_Norte,2016-02-12,1
Nicaragua-Granada,2016-05-05,1
Nicaragua-Jinotega,2016-05-05,1
Nicaragua-Leon,2016-03-07,1
Nicaragua-Leon-Quetzalguaque,2016-03-07,1
Nicaragua-Leon-Telica,2016-02-23,1
Nicaragua-Managua,2016-03-11,1
Nicaragua-Managua-Ciudad_Sandino,2016-02-11,1
Nicaragua-Managua-Distrito_I,2016-03-07,1
Nicaragua-Managua-Distrito_II,2016-02-09,1
Nicaragua-Managua-Distrito_III,2016-03-07,1
Nicaragua-Managua-Distrito_IV,2016-02-12,1
Nicaragua-Managua-Distrito_V,2016-03-07,1
Nicaragua-Masaya,2016-05-05,1
Nicaragua-Masaya-Masatepe,2016-03-07,1
Nicaragua-Masaya-Nindiri,2016-02-12,1
Nicaragua-Masaya-San_Juan_de_Oriente,2016-03-07,1
Nicaragua-Matagalpa,2016-03-14,1
Nicaragua-Nueva_Segovia,2016-05-05,1
Nicaragua-Nueva_Segovia-Ocotal,2016-02-09,1
Nicaragua-Other,2016-03-07,1
Nicaragua-Rivas,2016-05-05,1
Nicaragua-Rivas-Cardenas,2016-03-14,1
Nordeste,2016-04-02,1
Norte,2016-04-02,1
Panama,2016-04-11,1
Panama-Chiriqui,2016-04-11,1
Panama-Colon-Salamanca,2016-04-11,1
Panama-Colon-San_Juan,2016-04-11,1
Panama-Costa_del_Este,2016-04-11,0
Panama-Darien-Rio_Congo,2016-04-11,1
Panama-Herrera-Chitre,2016-04-11,1
Panama-Importados-Hotel,2016-04-11,1
Panama-Kuna_Yala,2016-04-11,1
Panama-Kuna_Yala-Achutupu,2016-04-11,1
Panama-Kuna_Yala-Acuatupu,2016-04-11,1
Panama-Kuna_Yala-Ailigandi,2016-04-11,1
Panama-Kuna_Yala-Ailitupu,2016-04-11,1
Panama-Kuna_Yala-Carti_Sugdup,2016-04-11,1
Panama-Kuna_Yala-Corazon_de_Jesus,2016-04-11,1
Panama-Kuna_Yala-Mamitupu,2016-04-11,1
Panama-Kuna_Yala-Mulatupu,2016-04-11,1
Panama-Kuna_Yala-Nalugena,2016-04-11,1
Panama-Kuna_Yala-Naranjo_Chico,2016-04-11,1
Panama-Kuna_Yala-Nargana,2016-04-11,1
Panama-Kuna_Yala-Ogobsucum,2016-04-11,1
Panama-Kuna_Yala-Playon_Chico,2016-04-11,1
Panama-Kuna_Yala-Pto_Obaldia,2016-04-11,1
Panama-Kuna_Yala-Rio_Azucar,2016-04-11,1
Panama-Kuna_Yala-Rio_Sidra,2016-04-11,1
Panama-Kuna_Yala-Soledad_Miria,2016-04-11,1
Panama-Kuna_Yala-Soledad_Miriam,2016-04-11,0
Panama-Kuna_Yala-Ustupu,2016-04-11,1
Panama-Kuna_Yala-Wichubhula,2016-04-11,1
Panama-Metro,2016-04-11,1
Panama-Metro-Ancon,2016-04-11,1
Panama-Metro-Bella_Vista,2016-04-11,1
Panama-Metro-Bethania,2016-04-11,1
Panama-Metro-Calidonia,2016-04-11,1
Panama-Metro-Chorrillo,2016-04-11,1
Panama-Metro-Clayton,2016-04-11,1
Panama-Metro-Costa_del_Este,2016-04-11,1
Panama-Metro-Gamboa,2016-04-11,1
Panama-Metro-Juan_Diaz,2016-04-11,1
Panama-Metro-Las_Garzas,2016-04-11,1
Panama-Metro-Parque_Lefevre,2016-04-11,1
Panama-Metro-Pueblo_Nuevo,2016-04-11,1
Panama-Metro-SanFrancisco,2016-04-11,1
Panama-Metro-San_Felipe,2016-04-11,1
Panama-Metro-Tocumen,2016-04-11,1
Panama-Metro-Veracruz,2016-04-11,1
Panama-P_Oeste,2016-04-11,1
Panama-Panama_Norte-Ernesto_Cordoba,2016-04-11,1
Panama-Panama_Norte-las_cumbres,2016-04-11,1
Panama-Panama_Oeste-El_Coco,2016-04-11,1
Panama-Panama_Oeste-Gorgona,2016-04-11,1
Panama-Panama_Oeste-Guadalupe,2016-04-11,1
Panama-Panama_Oeste-La_Chorrera,2016-04-11,1
Panama-Panama_Oeste-La_Mitra,2016-04-11,1
Panama-Panama_Oeste-Playa_Leona,2016-04-11,1
Panama-Panama_Oeste-Vista_Alegre,2016-04-11,1
Panama-San_Los_Santos-La_Villa,2016-04-11,1
Panama-San_Miguelito,2016-04-11,1
Panama-San_Miguelito-Brisas_del_Golf,2016-04-11,1
Panama-San_Miguelito-Condado_del_Rey,2016-04-11,1
Panama-San_Miguelito-Ojo_de_Agua,2016-04-11,1
Panama-San_Miguelito-Omar_Torrijos,2016-04-11,1
Panama-San_Miguelito-San_Jose,2016-04-11,1
Panama-San_Miguelito-Victoriano_Lorenzo,2016-04-11,1
Panama-San_Miguelito-Villa_Guadalupe,2016-04-11,1
Panama-San_Miguelito-Villa_Lucre,2016-04-11,1
Panama-San_Miguelito-Villas_del_Golf,2016-04-11,1
Panama-Sin_Especificar,2016-04-11,1
Puerto_Rico,2016-01-27,1
Sudeste,2016-04-02,1
Sul,2016-04-02,1
United_States-Alabama,2016-02-24,0
United_States-American_Samoa,2016-02-24,1
United_States-Arizona,2016-03-30,0
United_States-Arkansas,2016-02-24,0
United_States-California,2016-02-24,0
United_States-Colorado,2016-03-09,0
United_States-Connecticut,2016-03-23,0
United_States-Delaware,2016-02-24,0
United_States-District_of_Columbia,2016-02-24,0
United_States-Florida,2016-02-24,0
United_States-Georgia,2016-02-24,0
United_States-Hawaii,2016-02-24,0
United_States-Illinois,2016-02-24,0
United_States-Indiana,2016-02-24,0
United_States-Iowa,2016-02-24,0
United_States-Kansas,2016-03-16,0
United_States-Kentucky,2016-03-16,0
United_States-Louisiana,2016-02-24,0
United_States-Maine,2016-03-30,0
United_States-Maryland,2016-02-24,0
United_States-Massachusetts,2016-02-24,0
United_States-Michigan,2016-03-09,0
United_States-Minnesota,2016-02-24,0
United_States-Mississippi,2016-03-30,0
United_States-Missouri,2016-03-09,0
United_States-Montana,2016-03-09,0
United_States-Nebraska,2016-02-24,0
United_States-Nevada,2016-03-30,0
United_States-New_Hampshire,2016-03-09,0
United_States-New_Jersey,2016-02-24,0
United_States-New_Mexico,2016-04-20,0
United_States-New_York,2016-02-24,0
United_States-North_Carolina,2016-03-09,0
United_States-Ohio,2016-02-24,0
United_States-Oklahoma,2016-03-09,0
United_States-Oregon,2016-02-24,0
United_States-Pennsylvania,2016-02-24,0
United_States-Pennsylvania††,2016-06-15,0
United_States-Puerto_Rico,2016-02-24,1
United_States-Rhode_Island,2016-06-15,0
United_States-South_Carolina,2016-06-15,0
United_States-Tennessee,2016-02-24,0
United_States-Texas,2016-02-24,0
United_States-US_Virgin_Islands,2016-02-24,1
United_States-Utah,2016-03-30,0
United_States-Vermont,2016-06-15,0
United_States-Virginia,2016-02-24,0
United_States-Washington,2016-02-24,0
United_States-West_Virginia,2016-03-16,0
United_States-Wisconsin,2016-06-15,0
United_States_Virgin_Islands,2016-02-16,1
United_States_Virgin_Islands-Saint_Croix,2016-02-16,1
United_States_Virgin_Islands-Saint_John,2016-02-23,1
United_States_Virgin_Islands-Saint_Thomas,2016-02-16,1
